"","Jugador","Partidos","Min","Goles","Asistencias","P","G Enc","T","TaP","Pre T%","C","CP","Pre C%","","CF","FR","FC","PI","BR","","","","","","PL","","","","TB","","Reg","PA","P%","CC","FC","FCP","FD","FDaP","GF"
"1","'Chicharito' Hernández",9,448,1,0,0,0,13,6,"46%",4,1,"25%",0,3,12,7,5,3,0,0,0,0,0,0,0,0,0,0,0,0,3,"75%",0,0,0,0,0,0
"2","Aarón Escandell",1,90,0,0,2,1,0,0,"0%",0,0,"0%",0,0,0,0,0,1,0,0,0,0,0,0,0,0,0,0,0,0,0,"52%",0,0,0,0,0,0
"3","Abdon Prats",13,180,0,0,0,0,7,4,"57%",1,0,"0%",1,1,2,6,0,1,0,1,0,0,0,1,0,0,0,0,0,1,0,"67%",0,0,0,0,0,0
"4","Adnan Januzaj",17,804,2,3,0,0,19,5,"26%",36,9,"25%",0,8,25,18,3,7,0,2,0,0,0,0,0,0,0,1,0,20,17,"68%",11,3,0,2,0,0
"5","Adrià Pedrosa",14,857,1,0,0,0,12,5,"42%",25,4,"16%",0,3,11,7,8,7,0,1,0,0,0,0,0,0,0,0,0,14,3,"76%",0,3,0,0,0,0
"6","Adrián Embarba",7,525,2,1,0,0,13,6,"46%",44,8,"18%",0,3,9,10,3,12,0,2,0,0,0,1,1,0,0,2,0,11,9,"58%",13,7,1,3,2,1
"7","Adrián López",17,882,0,0,0,0,11,4,"36%",10,2,"20%",0,8,4,5,1,2,0,0,0,0,0,0,0,0,0,1,0,13,19,"72%",0,0,0,0,0,0
"8","Adrián Marín",4,337,0,0,0,0,1,0,"0%",6,0,"0%",0,1,1,10,6,6,0,0,0,1,0,0,0,0,0,4,0,2,0,"74%",1,0,0,0,0,0
"9","Adrián Ramos",7,226,0,0,0,0,6,1,"17%",2,0,"0%",0,2,6,5,1,2,0,0,0,0,0,0,0,0,0,0,0,0,2,"64%",0,0,0,0,0,0
"10","Aihen Muñoz",8,626,0,0,0,0,0,0,"0%",28,6,"21%",0,6,2,4,2,12,0,0,0,0,0,0,0,0,0,2,0,2,0,"82%",0,2,0,0,0,0
"11","Aissa Mandi",22,1946,0,0,0,0,7,1,"14%",1,0,"0%",1,0,14,23,35,14,0,8,0,0,0,0,0,0,0,11,0,6,4,"90%",0,6,0,0,0,0
"12","Aitor Fernández",27,2430,0,0,126,40,0,0,"0%",0,0,"0%",0,1,4,0,3,1,0,2,0,0,0,0,0,2,0,0,1,0,1,"59%",0,4,0,0,0,0
"13","Aitor Ruibal",14,508,0,0,0,0,6,1,"17%",17,2,"12%",0,7,5,15,1,10,0,2,0,0,0,0,0,0,0,1,0,12,7,"83%",1,0,0,0,0,0
"14","Alberto Moreno",10,776,0,0,0,0,8,3,"38%",16,2,"13%",0,2,6,7,11,13,0,2,0,0,0,0,0,0,0,2,0,8,6,"86%",0,0,0,0,0,0
"15","Alberto Rodríguez",2,12,0,0,0,0,0,0,"0%",0,0,"0%",0,0,0,1,2,1,0,0,0,0,0,0,0,0,0,1,0,0,0,"67%",0,1,0,0,0,0
"16","Aleix Febas",23,1401,0,3,0,0,8,4,"50%",2,0,"0%",0,4,36,13,14,21,0,3,0,0,1,0,0,0,0,0,0,33,20,"83%",0,0,0,0,0,0
"17","Aleix Vidal",25,1987,2,4,0,0,21,9,"43%",101,41,"41%",0,13,41,16,21,13,0,6,0,0,1,0,0,0,0,1,0,23,41,"78%",31,32,9,3,0,0
"18","Alejandro Pozo",11,551,0,1,0,0,1,0,"0%",22,4,"18%",0,2,6,6,11,10,0,0,0,0,0,0,0,0,0,0,0,6,5,"68%",0,1,0,0,0,0
"19","Aleksandar Sedlar",5,257,0,0,0,0,0,0,"0%",0,0,"0%",0,0,4,4,5,0,0,1,0,0,0,0,0,0,0,2,0,0,0,"86%",0,0,0,0,0,0
"20","Aleksandar Trajkovski",7,154,0,0,0,0,3,0,"0%",13,4,"31%",0,3,4,4,2,1,0,0,0,0,0,0,0,0,0,0,0,2,5,"76%",7,0,0,0,0,0
"21","Alessandro Florenzi",3,193,0,0,0,0,2,1,"50%",4,2,"50%",0,1,1,4,4,2,0,1,1,0,0,0,0,0,0,0,0,2,0,"66%",0,0,0,0,0,0
"22","Álex Alegría",6,109,0,0,0,0,0,0,"0%",1,0,"0%",0,2,4,5,0,0,0,0,0,0,0,0,0,0,0,0,0,0,0,"66%",0,0,0,0,0,0
"23","Álex Collado",1,6,0,0,0,0,0,0,"0%",0,0,"0%",0,0,0,0,0,0,0,0,0,0,0,0,0,0,0,0,0,0,0,"90%",0,0,0,0,0,0
"24","Álex Martínez",1,15,0,0,0,0,1,0,"0%",4,0,"0%",1,0,0,0,0,0,0,1,0,0,0,0,0,0,0,0,0,0,0,"100%",1,2,0,1,0,0
"25","Álex Moreno",23,1796,0,4,0,0,20,8,"40%",59,16,"27%",0,24,29,26,18,18,1,3,0,2,0,0,0,0,0,7,1,36,20,"79%",0,0,0,0,0,0
"26","Álex Remiro",20,1800,0,0,51,24,1,0,"0%",0,0,"0%",0,0,4,0,0,0,0,0,0,0,0,0,0,1,0,0,1,0,0,"73%",0,4,0,0,0,0
"27","Alexander Isak",27,1064,7,1,0,0,34,16,"47%",7,3,"43%",0,10,9,16,3,2,0,2,0,0,0,0,0,0,0,0,0,10,10,"74%",0,0,0,0,0,0
"28","Alfonso Pedraza",12,795,0,0,0,0,8,2,"25%",18,5,"28%",0,5,13,10,10,13,0,1,0,0,0,0,0,0,0,5,0,10,7,"75%",0,0,0,0,0,0
"29","Allan Nyom",25,1796,2,0,0,0,10,3,"30%",68,13,"19%",0,16,16,46,13,19,0,10,0,0,0,0,0,0,0,4,0,8,6,"62%",0,2,0,0,0,0
"30","Allan Saint-Maximin",1,90,0,0,0,0,0,0,"0%",0,0,"0%",0,0,0,0,0,0,0,0,0,0,0,0,0,0,0,0,0,0,0,"0%",0,0,0,0,0,0
"31","Alphonse Areola",3,270,0,0,4,3,0,0,"0%",0,0,"0%",0,0,0,1,0,0,0,1,0,1,0,0,0,0,0,0,0,0,0,"79%",0,1,0,0,0,0
"32","Álvaro Morata",23,1619,8,1,0,0,57,27,"47%",10,1,"10%",1,18,51,46,4,6,0,5,1,0,0,2,1,0,0,2,0,14,21,"66%",0,0,0,0,0,0
"33","Álvaro Odriozola",4,343,0,1,0,0,2,0,"0%",6,1,"17%",0,3,4,7,1,2,0,3,1,0,0,0,0,0,0,0,0,6,5,"91%",0,0,0,0,0,0
"34","Álvaro Tejero",15,1192,0,0,0,0,4,1,"25%",65,20,"31%",0,8,15,15,24,16,0,3,0,0,0,0,0,0,0,4,0,3,15,"72%",0,3,0,0,0,0
"35","Álvaro Vadillo",22,1219,3,1,0,0,17,5,"29%",93,29,"31%",0,16,20,9,7,10,0,0,0,0,0,1,1,0,0,0,0,21,21,"75%",35,21,6,12,1,1
"36","Amath Ndiaye",3,48,0,0,0,0,0,0,"0%",0,0,"0%",0,1,2,2,0,0,0,0,0,0,0,0,0,0,0,0,0,4,0,"67%",0,0,0,0,0,0
"37","Anaitz Arbilla",20,1729,1,0,0,0,14,2,"14%",24,5,"21%",0,3,11,20,26,16,0,5,0,0,0,0,0,0,0,3,0,7,4,"75%",0,23,0,3,0,0
"38","Ander Barrenetxea",12,218,1,0,0,0,8,4,"50%",9,2,"22%",0,0,3,10,2,5,0,0,0,1,0,0,0,0,0,0,0,9,7,"83%",0,0,0,0,0,0
"39","Ander Capa",25,2140,2,4,0,0,15,6,"40%",79,12,"15%",0,15,13,40,24,27,0,10,0,0,0,0,0,0,0,4,0,34,18,"76%",0,2,0,0,0,0
"40","Ander Guevara",14,936,0,0,0,0,3,0,"0%",2,1,"50%",0,0,5,27,10,13,0,4,0,0,0,0,0,0,0,3,0,11,7,"85%",0,1,0,0,0,0
"41","Ander Iturraspe",6,180,0,0,0,0,0,0,"0%",0,0,"0%",0,0,1,4,1,0,0,1,0,0,0,0,0,0,0,0,0,1,0,"70%",0,0,0,0,0,0
"42","Andoni Gorosabel",6,382,0,0,0,0,1,1,"100%",12,3,"25%",0,4,5,3,8,7,0,0,0,0,0,0,0,0,0,1,0,4,2,"76%",0,0,0,0,0,0
"43","Andoni Zubiaurre",0,0,0,0,0,0,0,0,"0%",0,0,"0%",0,0,0,0,0,0,0,0,0,0,0,0,0,0,0,0,0,0,0,"0%",0,0,0,0,0,0
"44","André Grandi",0,0,0,0,0,0,0,0,"0%",0,0,"0%",0,0,0,0,0,0,0,0,0,0,0,0,0,0,0,0,0,0,0,"0%",0,0,0,0,0,0
"45","Andrei Florin",0,0,0,0,0,0,0,0,"0%",0,0,"0%",0,0,0,0,0,0,0,0,0,0,0,0,0,0,0,0,0,0,0,"0%",0,0,0,0,0,0
"46","Andrés Fernández",3,270,0,0,9,8,0,0,"0%",0,0,"0%",0,0,1,1,0,0,0,1,0,1,0,0,0,0,0,0,0,0,0,"69%",0,1,0,0,0,0
"47","Andrés Guardado",20,1529,0,3,0,0,10,4,"40%",14,4,"29%",0,4,16,29,15,12,0,9,0,1,0,0,0,0,0,4,0,14,22,"84%",1,2,0,0,0,0
"48","Andrés Prieto",0,0,0,0,0,0,0,0,"0%",0,0,"0%",0,0,0,0,0,0,0,1,0,0,0,0,0,0,0,0,0,0,0,"0%",0,0,0,0,0,0
"49","Andriy Lunin",0,0,0,0,0,0,0,0,"0%",0,0,"0%",0,0,0,0,0,0,0,0,0,0,0,0,0,0,0,0,0,0,0,"0%",0,0,0,0,0,0
"50","Andros Townsend",0,0,0,0,0,0,0,0,"0%",0,0,"0%",0,0,0,0,0,0,0,0,0,0,0,0,0,0,0,0,0,0,0,"0%",0,0,0,0,0,0
"51","Ángel Correa",22,1491,5,6,0,0,37,14,"38%",26,7,"27%",2,19,28,19,9,8,0,5,0,0,0,0,0,0,0,4,0,30,20,"77%",5,0,0,1,0,0
"52","Ángel Montoro",12,883,1,4,0,0,11,4,"36%",44,13,"30%",0,6,15,21,12,8,1,5,0,0,0,0,0,0,0,2,0,7,17,"81%",18,32,1,1,1,0
"53","Ángel Rodríguez",24,1106,10,2,0,0,40,19,"48%",23,2,"9%",1,14,24,43,3,5,0,4,0,0,0,1,1,0,0,1,0,16,17,"63%",0,0,0,0,0,0
"54","Ansu Fati",16,684,4,1,0,0,23,9,"39%",19,4,"21%",0,13,10,12,2,9,0,2,0,0,0,0,0,0,0,1,0,17,12,"83%",7,0,0,0,0,0
"55","Ante Budimir",25,2045,9,2,0,0,40,13,"33%",2,1,"50%",2,12,48,51,4,11,0,6,0,0,1,0,0,0,0,4,0,12,10,"63%",0,0,0,0,0,0
"56","Antoine Griezmann",26,2128,8,4,0,0,48,21,"44%",20,4,"20%",0,14,16,9,9,15,0,2,0,0,0,0,0,0,0,2,0,16,26,"82%",2,1,0,0,0,0
"57","Antoñín Cortés",0,0,0,0,0,0,0,0,"0%",0,0,"0%",0,0,0,0,0,0,0,0,0,0,0,0,0,0,0,0,0,0,0,"0%",0,0,0,0,0,0
"58","Antonio Adán",1,25,0,0,1,0,0,0,"0%",0,0,"0%",0,0,0,0,0,0,0,0,0,0,0,0,0,0,0,0,0,0,0,"60%",0,0,0,0,0,0
"59","Antonio Barragán",7,416,0,1,0,0,1,0,"0%",18,2,"11%",0,2,9,6,6,2,0,2,0,1,0,0,0,0,0,2,0,2,5,"86%",0,0,0,0,0,0
"60","Antonio Lato",1,78,0,0,0,0,1,1,"100%",2,0,"0%",0,0,0,3,1,2,0,0,0,0,0,0,0,0,0,0,0,0,0,"56%",0,0,0,0,0,0
"61","Antonio Otegui",0,0,0,0,0,0,0,0,"0%",0,0,"0%",0,0,0,0,0,0,0,0,0,0,0,0,0,0,0,0,0,0,0,"0%",0,0,0,0,0,0
"62","Antonio Pacheco",0,0,0,0,0,0,0,0,"0%",0,0,"0%",0,0,0,0,0,0,0,0,0,0,0,0,0,0,0,0,0,0,0,"0%",0,0,0,0,0,0
"63","Antonio Puertas",26,1821,5,0,0,0,32,10,"31%",33,6,"18%",1,12,32,27,9,19,0,5,0,0,0,0,0,0,0,2,0,33,10,"73%",1,1,0,0,0,0
"64","Antonio Raillo",23,1993,1,0,0,0,13,2,"15%",0,0,"0%",0,0,7,22,16,18,0,6,1,2,0,0,0,0,0,18,0,3,3,"81%",0,12,0,0,0,0
"65","Antonio Sivera",3,270,0,0,2,3,0,0,"0%",0,0,"0%",0,0,0,1,0,0,0,1,0,1,0,0,0,0,0,0,0,0,0,"54%",0,2,0,0,0,0
"66","Antoñito Regal",9,520,0,0,0,0,1,0,"0%",21,4,"19%",0,5,5,5,12,5,0,1,0,0,0,0,0,0,0,0,0,2,4,"72%",0,1,0,0,0,0
"67","Anuar Mohamed",11,189,0,0,0,0,1,0,"0%",1,0,"0%",0,0,5,3,5,3,0,1,0,0,0,0,0,0,0,3,0,2,0,"87%",0,0,0,0,0,0
"68","Aridai Cabrera",2,37,0,0,0,0,1,1,"100%",0,0,"0%",0,0,0,2,0,1,0,0,0,0,0,0,0,0,0,0,0,0,0,"78%",0,1,0,0,0,0
"69","Aridane Hernández",21,1890,3,0,0,0,10,3,"30%",0,0,"0%",1,1,10,12,22,15,0,5,0,1,0,0,0,0,0,12,1,3,3,"79%",0,11,0,0,0,0
"70","Aritz Aduriz",14,208,1,0,0,0,7,3,"43%",0,0,"0%",1,1,1,7,0,2,0,3,0,0,0,1,0,0,0,0,0,1,0,"55%",0,0,0,0,0,0
"71","Aritz Aranbarri",0,0,0,0,0,0,0,0,"0%",0,0,"0%",0,0,0,0,0,0,0,0,0,0,0,0,0,0,0,0,0,0,0,"0%",0,0,0,0,0,0
"72","Aritz Castro",0,0,0,0,0,0,0,0,"0%",0,0,"0%",0,0,0,0,0,0,0,0,0,0,0,0,0,0,0,0,0,0,0,"0%",0,0,0,0,0,0
"73","Aritz Elustondo",13,929,0,1,0,0,4,0,"0%",0,0,"0%",0,1,6,5,10,13,0,1,0,0,0,0,0,0,0,8,0,0,2,"80%",0,12,0,0,0,0
"74","Arthur Melo",16,1003,3,3,0,0,8,5,"63%",12,2,"17%",0,3,36,11,3,7,0,1,0,0,0,0,0,0,0,0,0,30,11,"91%",9,3,0,0,0,0
"75","Arturo Vidal",22,931,6,2,0,0,13,8,"62%",7,2,"29%",0,2,16,28,11,27,0,3,0,1,0,0,0,0,0,3,1,4,13,"88%",0,0,0,0,0,0
"76","Asier Illarramendi",3,216,0,0,0,0,1,0,"0%",0,0,"0%",0,1,3,2,5,2,0,0,0,0,0,0,0,0,0,1,0,0,1,"92%",0,1,0,0,0,0
"77","Asier Villalibre",9,342,1,0,0,0,9,3,"33%",6,0,"0%",0,5,8,8,1,0,0,0,0,0,0,0,0,0,0,0,0,3,0,"63%",0,0,0,0,0,0
"78","Aymane Mourid",0,0,0,0,0,0,0,0,"0%",0,0,"0%",0,0,0,0,0,0,0,0,0,0,0,0,0,0,0,0,0,0,0,"0%",0,0,0,0,0,0
"79","Baba Rahman",2,108,0,0,0,0,1,0,"0%",6,1,"17%",0,1,0,1,1,2,0,1,0,0,0,0,0,0,0,1,0,0,0,"63%",0,0,0,0,0,0
"80","Beñat Etxebarria",11,394,0,0,0,0,5,2,"40%",21,13,"62%",0,1,2,2,2,1,0,0,0,0,0,0,0,0,0,1,0,0,10,"85%",15,6,1,0,0,0
"81","Bernardo Espinosa",18,1620,2,0,0,0,17,5,"29%",1,0,"0%",0,2,14,22,16,14,0,4,0,0,0,0,0,0,0,10,1,1,3,"69%",0,7,0,0,0,0
"82","Borja Iglesias",24,1386,3,2,0,0,22,7,"32%",5,1,"20%",1,9,13,26,3,5,0,1,1,1,0,0,0,0,0,4,0,10,15,"74%",0,0,0,0,0,0
"83","Borja Mayoral",23,1483,5,1,0,0,30,12,"40%",15,2,"13%",0,8,20,17,2,2,0,2,0,0,0,0,0,0,0,0,0,20,14,"79%",0,0,0,0,0,0
"84","Borja Sainz",12,346,0,0,0,0,6,3,"50%",7,2,"29%",0,6,5,10,2,6,0,1,0,0,0,0,0,0,0,0,0,8,5,"76%",0,0,0,0,0,0
"85","Brahim Díaz",3,26,0,0,0,0,0,0,"0%",0,0,"0%",0,0,4,0,0,0,0,0,0,0,0,0,0,0,0,0,0,0,0,"78%",0,0,0,0,0,0
"86","Brais Méndez",21,1046,0,1,0,0,18,6,"33%",28,4,"14%",0,7,30,19,9,10,0,2,0,0,0,0,0,0,0,0,0,16,9,"74%",5,3,1,0,0,0
"87","Brais Rodríguez",0,0,0,0,0,0,0,0,"0%",0,0,"0%",0,0,0,0,0,0,0,0,0,0,0,0,0,0,0,0,0,0,0,"0%",0,0,0,0,0,0
"88","Brandon Pierrick",0,0,0,0,0,0,0,0,"0%",0,0,"0%",0,0,0,0,0,0,0,0,0,0,0,0,0,0,0,0,0,0,0,"0%",0,0,0,0,0,0
"89","Brandon Thomas",8,406,0,1,0,0,8,2,"25%",4,3,"75%",0,3,6,6,1,3,0,4,0,0,0,0,0,0,0,0,0,4,4,"69%",0,0,0,0,0,0
"90","Bruno González",5,450,0,0,0,0,1,0,"0%",0,0,"0%",0,1,3,6,1,6,0,1,0,0,0,0,0,0,0,2,0,0,0,"80%",0,3,0,0,0,0
"91","Bryan Gil",5,158,0,0,0,0,1,0,"0%",5,1,"20%",0,2,4,7,0,2,0,4,0,0,0,0,0,0,0,0,0,7,0,"77%",1,0,0,0,0,0
"92","Carles Aleñá",12,613,0,0,0,0,8,3,"38%",5,0,"0%",0,3,16,9,1,9,0,1,0,0,0,0,0,0,0,1,0,10,2,"87%",2,0,0,0,0,0
"93","Carles Pérez",10,476,1,2,0,0,14,6,"43%",16,3,"19%",0,3,4,4,1,4,0,0,0,0,0,0,0,0,0,2,0,8,7,"83%",5,2,0,0,0,0
"94","Carlos Bacca",13,512,1,0,0,0,13,4,"31%",2,0,"0%",0,1,0,5,0,1,0,1,0,0,0,0,0,0,0,0,0,2,2,"74%",0,0,0,0,0,0
"95","Carlos Casemiro",25,2219,3,2,0,0,34,7,"21%",18,5,"28%",0,4,40,64,55,56,1,9,0,0,0,0,0,0,0,7,0,18,9,"84%",0,6,1,3,0,0
"96","Carlos Clerc",14,1258,0,2,0,0,2,0,"0%",42,4,"10%",0,3,13,16,17,13,0,4,0,0,0,0,0,0,0,4,0,14,5,"69%",0,4,0,0,0,0
"97","Carlos Fernández",23,1393,5,3,0,0,25,9,"36%",5,0,"0%",0,6,25,44,10,12,1,6,0,0,1,0,0,0,0,2,0,16,15,"61%",0,0,0,1,0,0
"98","Carlos Marín",0,0,0,0,0,0,0,0,"0%",0,0,"0%",0,0,0,0,0,0,0,0,0,0,0,0,0,0,0,0,0,0,0,"0%",0,0,0,0,0,0
"99","Carlos Neva",17,1449,0,0,0,0,5,3,"60%",53,6,"11%",0,14,25,6,15,4,0,1,0,0,0,0,0,0,0,1,0,4,6,"71%",0,3,0,0,0,0
"100","Carlos Soler",18,1377,2,0,0,0,13,4,"31%",12,3,"25%",0,1,13,19,9,7,0,3,0,0,0,0,0,0,0,5,0,12,11,"79%",6,2,0,0,0,0
"101","Cenk Tosun",0,0,0,0,0,0,0,0,"0%",0,0,"0%",0,0,0,0,0,0,0,0,0,0,0,0,0,0,0,0,0,0,0,"0%",0,0,0,0,0,0
"102","Charles Dias",21,940,5,0,0,0,20,10,"50%",2,1,"50%",0,4,14,30,4,2,0,5,0,0,0,2,1,0,0,1,0,1,7,"67%",0,0,0,0,0,0
"103","Cheikhou Kouyaté",1,90,0,0,0,0,0,0,"0%",0,0,"0%",0,0,0,0,0,0,0,0,0,0,0,0,0,0,0,0,0,0,0,"0%",0,0,0,0,0,0
"104","Chema Rodríguez",1,90,0,0,0,0,2,0,"0%",1,0,"0%",0,0,0,2,2,2,0,1,0,0,0,0,0,0,0,0,0,0,0,"64%",0,0,0,0,0,0
"105","Chidozie Awaziem",18,1505,0,0,0,0,7,0,"0%",4,1,"25%",0,1,10,16,26,17,0,7,0,0,0,0,0,0,0,15,0,5,3,"74%",0,18,0,0,0,0
"106","Chimy Ávila",20,1590,9,2,0,0,70,28,"40%",22,4,"18%",2,20,43,46,4,12,0,6,0,0,1,0,0,0,0,0,0,16,22,"59%",0,0,0,0,0,0
"107","Christian Benteke",1,90,0,0,0,0,0,0,"0%",0,0,"0%",0,0,0,0,0,0,0,0,0,0,0,0,0,0,0,0,0,0,0,"0%",0,0,0,0,0,0
"108","Christian Rivera",5,311,0,0,0,0,1,0,"0%",2,1,"50%",0,0,5,6,4,3,0,3,0,0,0,0,0,0,0,2,0,2,1,"83%",0,0,0,0,0,0
"109","Clément Lenglet",19,1689,2,1,0,0,8,3,"38%",0,0,"0%",0,1,18,23,26,26,0,9,2,1,0,0,0,0,0,10,0,4,5,"92%",0,3,0,0,0,0
"110","Coke Andújar",11,596,0,0,0,0,3,0,"0%",13,0,"0%",0,2,10,10,6,9,1,2,0,0,0,0,0,0,0,1,0,11,4,"80%",0,0,0,0,0,0
"111","Cristian Portu",24,1784,7,8,0,0,29,14,"48%",78,19,"24%",0,18,17,24,8,15,0,5,0,0,0,1,0,0,0,2,0,9,29,"72%",25,3,0,0,0,0
"112","Cristian Rivero",0,0,0,0,0,0,0,0,"0%",0,0,"0%",0,0,0,0,0,0,0,0,0,0,0,0,0,0,0,0,0,0,0,"0%",0,0,0,0,0,0
"113","Cristian Tello",18,460,1,0,0,0,13,5,"38%",19,3,"16%",1,5,2,3,2,2,0,0,0,0,0,0,0,0,0,0,0,7,4,"78%",9,0,0,1,0,0
"114","Cristiano Piccini",2,75,0,0,0,0,1,0,"0%",2,1,"50%",0,0,1,1,2,4,0,0,0,0,0,0,0,0,0,0,0,2,0,"74%",0,0,0,0,0,0
"115","Cucho Hernández",12,798,2,1,0,0,27,9,"33%",11,4,"36%",0,6,18,10,3,4,0,3,0,1,0,0,0,0,0,0,0,13,8,"62%",0,0,0,0,0,0
"116","Dakonam Djené",25,2250,0,0,0,0,3,1,"33%",8,3,"38%",0,0,19,36,22,18,0,3,0,1,0,0,0,0,0,5,0,9,7,"70%",0,9,0,0,0,0
"117","Damián Suárez",22,1923,1,4,0,0,15,4,"27%",122,24,"20%",0,12,39,41,22,23,0,11,0,0,0,0,0,0,0,2,0,19,25,"64%",44,42,1,5,2,0
"118","Dani Cárdenas",0,0,0,0,0,0,0,0,"0%",0,0,"0%",0,0,0,0,0,0,0,0,0,0,0,0,0,0,0,0,0,0,0,"0%",0,0,0,0,0,0
"119","Dani García",26,2279,0,0,0,0,11,0,"0%",4,1,"25%",0,1,28,43,37,27,0,6,0,0,0,0,0,0,0,3,0,8,10,"81%",0,5,1,0,0,0
"120","Dani Martín",2,171,0,0,3,7,0,0,"0%",0,0,"0%",0,0,0,0,0,0,0,0,0,0,0,0,0,0,0,0,0,0,0,"65%",0,1,0,0,0,0
"121","Dani Morer",0,0,0,0,0,0,0,0,"0%",0,0,"0%",0,0,0,0,0,0,0,0,0,0,0,0,0,0,0,0,0,0,0,"0%",0,0,0,0,0,0
"122","Dani Parejo",25,2210,8,3,0,0,27,13,"48%",125,40,"32%",0,14,74,18,18,31,0,6,1,1,1,5,5,0,0,8,0,27,42,"86%",87,59,7,14,5,2
"123","Dani Rodríguez",27,2195,5,1,0,0,39,11,"28%",28,10,"36%",0,9,49,46,26,28,0,4,0,0,2,1,1,0,0,3,0,30,20,"83%",4,10,3,1,1,1
"124","Dani Vivian",0,0,0,0,0,0,0,0,"0%",0,0,"0%",0,0,0,0,0,0,0,0,0,0,0,0,0,0,0,0,0,0,0,"0%",0,0,0,0,0,0
"125","Daniel Carriço",11,848,0,0,0,0,6,0,"0%",0,0,"0%",0,0,2,8,8,3,0,3,0,0,0,0,0,0,0,3,0,3,1,"90%",0,3,0,0,0,0
"126","Daniel Carvajal",22,1980,1,5,0,0,13,6,"46%",87,19,"22%",0,16,20,35,30,35,0,8,0,0,0,0,0,0,0,9,0,18,37,"87%",0,1,0,0,0,0
"127","Daniel Rebollo",0,0,0,0,0,0,0,0,"0%",0,0,"0%",0,0,0,0,0,0,0,0,0,0,0,0,0,0,0,0,0,0,0,"0%",0,0,0,0,0,0
"128","Daniel Torres",0,0,0,0,0,0,0,0,"0%",0,0,"0%",0,0,0,0,0,0,0,0,0,0,0,0,0,0,0,0,0,0,0,"0%",0,0,0,0,0,0
"129","Daniel Wass",25,2168,1,6,0,0,16,4,"25%",69,7,"10%",0,16,29,25,27,20,0,5,0,0,0,0,0,0,0,3,0,8,18,"80%",1,1,0,0,0,0
"130","Danny Rose",1,90,0,0,0,0,0,0,"0%",0,0,"0%",0,0,0,0,0,0,0,0,0,0,0,0,0,0,0,0,0,0,0,"0%",0,0,0,0,0,0
"131","Darío Poveda",1,8,0,0,0,0,1,0,"0%",0,0,"0%",0,0,0,0,0,0,0,0,0,0,0,0,0,0,0,0,0,0,1,"60%",0,0,0,0,0,0
"132","Darko Brasanac",21,1682,0,1,0,0,19,8,"42%",12,1,"8%",0,11,17,45,14,24,0,7,0,0,1,0,0,0,0,4,0,5,18,"76%",0,1,0,0,0,0
"133","Darwin Machís",26,1428,6,3,0,0,52,21,"40%",86,16,"19%",1,14,28,29,19,10,0,3,0,0,0,1,1,0,0,2,0,40,23,"74%",22,13,2,1,1,0
"134","David Costas",6,336,0,0,0,0,1,0,"0%",0,0,"0%",0,0,2,5,8,3,0,1,0,0,0,0,0,0,0,3,0,0,0,"90%",0,2,0,0,0,0
"135","David García Z.",23,1983,0,0,0,0,13,4,"31%",1,0,"0%",0,1,12,30,29,11,0,4,0,0,0,0,0,0,0,13,0,1,5,"72%",0,23,0,0,0,0
"136","David Juncà",3,258,0,0,0,0,0,0,"0%",14,2,"14%",0,1,7,5,2,5,0,1,0,0,0,0,0,0,0,1,0,2,0,"78%",0,2,0,0,0,0
"137","David López",21,1497,2,2,0,0,9,5,"56%",8,4,"50%",0,3,19,26,21,14,0,4,1,0,0,0,0,0,0,8,0,3,12,"79%",0,6,0,0,0,0
"138","David Soria",27,2430,0,0,56,25,0,0,"0%",0,0,"0%",0,1,0,1,0,0,0,1,0,0,0,0,0,1,1,0,2,0,0,"42%",0,31,0,0,0,0
"139","David Timor",12,385,2,0,0,0,11,3,"27%",4,0,"0%",0,0,8,6,7,4,0,2,0,0,0,0,0,0,0,0,0,2,1,"64%",1,10,0,5,3,2
"140","David Zurutuza",4,94,0,0,0,0,0,0,"0%",1,0,"0%",0,1,0,2,3,2,0,0,0,0,0,0,0,0,0,0,0,0,0,"75%",0,0,0,0,0,0
"141","DeAndre Yedlin",0,0,0,0,0,0,0,0,"0%",0,0,"0%",0,0,0,0,0,0,0,0,0,0,0,0,0,0,0,0,0,0,0,"0%",0,0,0,0,0,0
"142","Denis Cheryshev",15,700,1,1,0,0,16,5,"31%",31,5,"16%",1,8,11,17,6,7,0,5,0,1,1,0,0,0,0,0,0,7,3,"71%",0,0,0,0,0,0
"143","Denis Suárez",20,1319,1,3,0,0,15,7,"47%",82,22,"27%",0,10,30,13,13,10,0,3,0,0,1,1,0,0,0,1,0,45,35,"82%",42,15,1,0,0,0
"144","Deyverson Acosta",4,146,0,1,0,0,3,0,"0%",2,0,"0%",0,2,0,5,0,0,0,2,0,0,0,0,0,0,0,1,0,2,2,"47%",0,0,0,1,0,0
"145","Didac Vilà",21,1742,0,0,0,0,9,2,"22%",46,6,"13%",0,13,22,23,29,31,0,5,0,0,0,0,0,0,0,2,0,6,11,"66%",0,2,0,0,0,0
"146","Diego Altube",0,0,0,0,0,0,0,0,"0%",0,0,"0%",0,0,0,0,0,0,0,0,0,0,0,0,0,0,0,0,0,0,0,"0%",0,0,0,0,0,0
"147","Diego Carlos",25,2234,2,0,0,0,17,3,"18%",4,3,"75%",0,1,7,35,24,18,1,7,0,1,0,0,0,0,0,16,1,6,7,"83%",0,17,0,0,0,0
"148","Diego Costa",13,808,2,2,0,0,16,3,"19%",3,0,"0%",0,5,12,15,1,2,0,2,0,0,0,2,1,0,0,1,0,7,9,"66%",0,1,0,0,0,0
"149","Diego Javier Llorente",19,1607,0,1,0,0,5,1,"20%",0,0,"0%",0,0,12,15,19,11,0,4,1,0,1,0,0,0,0,7,1,4,3,"87%",0,4,0,0,0,0
"150","Diego Lainez",10,213,0,0,0,0,4,1,"25%",7,1,"14%",0,0,10,4,1,4,0,0,0,0,0,0,0,0,0,0,0,9,2,"77%",0,0,0,0,0,0
"151","Diego López",27,2422,0,0,77,46,0,0,"0%",0,0,"0%",0,0,5,1,2,1,0,4,1,0,0,0,0,0,0,0,0,2,1,"52%",0,12,0,0,0,0
"152","Dimitri Foulquier",9,561,1,0,0,0,4,2,"50%",11,4,"36%",0,2,6,14,11,7,0,2,0,0,0,0,0,0,0,3,0,6,3,"57%",0,1,0,0,0,0
"153","Dimitrios Siovas",18,1378,0,0,0,0,10,3,"30%",5,0,"0%",0,2,5,17,32,27,0,4,0,1,0,0,0,0,0,0,0,2,2,"72%",0,14,0,0,0,0
"154","Domingos Duarte",26,2290,2,0,0,0,8,3,"38%",0,0,"0%",0,1,16,27,23,10,1,6,0,3,0,0,0,0,0,19,0,4,0,"80%",0,31,0,0,0,0
"155","Dwight Gayle",0,0,0,0,0,0,0,0,"0%",0,0,"0%",0,0,0,0,0,0,0,0,0,0,0,0,0,0,0,0,0,0,0,"0%",0,0,0,0,0,0
"156","Eden Hazard",10,743,1,1,0,0,12,8,"67%",15,3,"20%",0,11,35,11,5,3,0,0,0,0,3,0,0,0,0,0,0,37,14,"85%",1,0,0,0,0,0
"157","Éder Militão",9,633,0,0,0,0,2,1,"50%",2,1,"50%",0,1,12,12,14,10,0,2,0,0,0,0,0,0,0,4,0,0,2,"87%",0,1,0,0,0,0
"158","Édgar González",7,551,0,0,0,0,4,0,"0%",0,0,"0%",1,0,3,6,8,1,0,2,0,1,0,0,0,0,0,2,0,1,0,"87%",0,0,0,0,0,0
"159","Edgar Méndez",5,251,1,0,0,0,2,1,"50%",4,2,"50%",0,0,5,6,2,3,0,1,0,0,0,0,0,0,0,1,0,5,1,"56%",0,0,0,0,0,0
"160","Edu Expósito",25,1584,2,1,0,0,16,7,"44%",10,2,"20%",1,3,9,17,27,21,0,3,0,0,0,0,0,0,0,4,0,15,16,"83%",0,3,0,0,0,0
"161","Ekhi Bravo",0,0,0,0,0,0,0,0,"0%",0,0,"0%",0,0,0,0,0,0,0,0,0,0,0,0,0,0,0,0,0,0,0,"0%",0,0,0,0,0,0
"162","El Hacen El Id",0,0,0,0,0,0,0,0,"0%",0,0,"0%",0,0,0,0,0,0,0,0,0,0,0,0,0,0,0,0,0,0,0,"0%",0,0,0,0,0,0
"163","Eliaquim Mangala",4,315,0,0,0,0,1,0,"0%",0,0,"0%",0,0,0,5,2,0,0,1,0,1,0,0,0,0,0,2,0,0,0,"89%",0,1,0,0,0,0
"164","Eliseo Falcón",1,73,0,0,0,0,0,0,"0%",0,0,"0%",0,0,0,2,0,0,0,2,1,0,0,0,0,0,0,0,0,2,0,"87%",0,0,0,0,0,0
"165","Emerson de Souza",23,2025,3,5,0,0,23,5,"22%",52,12,"23%",0,12,60,29,22,29,0,8,0,0,0,0,0,0,0,6,0,9,20,"77%",0,5,0,0,0,0
"166","Enes Ünal",24,1713,4,2,0,0,42,14,"33%",8,3,"38%",0,13,45,30,6,6,0,2,0,0,1,1,1,0,0,4,0,16,22,"65%",0,0,0,2,0,0
"167","Enis Bardhi",21,1450,2,2,0,0,35,11,"31%",46,7,"15%",1,12,31,32,9,11,0,4,0,0,1,0,0,0,0,3,0,23,20,"76%",15,7,0,9,3,0
"168","Enric Gallego",11,566,0,0,0,0,14,4,"29%",1,0,"0%",0,4,6,21,4,2,0,2,0,0,0,0,0,0,0,1,0,3,5,"49%",0,0,0,0,0,0
"169","Erick Cabaco",12,816,0,0,0,0,4,0,"0%",1,0,"0%",0,2,7,7,13,8,0,4,0,0,0,0,0,0,0,7,0,4,2,"75%",0,7,0,0,0,0
"170","Esteban Burgos",7,529,1,0,0,0,2,1,"50%",1,0,"0%",0,0,3,5,9,4,0,2,0,0,0,0,0,0,0,1,1,1,0,"65%",0,2,0,0,0,0
"171","Esteban Granero",11,473,1,0,0,0,7,7,"100%",23,7,"30%",0,2,6,15,2,6,0,5,0,0,0,0,0,0,0,2,0,7,11,"77%",10,14,1,0,0,0
"172","Éver Banega",23,1848,2,6,0,0,28,7,"25%",123,36,"29%",1,14,41,22,8,19,0,6,0,0,0,2,2,0,0,0,0,40,43,"86%",72,32,6,2,0,0
"173","Ezequiel Garay",17,1437,0,0,0,0,6,3,"50%",2,0,"0%",0,4,1,10,13,8,0,2,0,1,0,0,0,0,0,17,0,0,3,"88%",0,4,0,0,0,0
"174","Fabián Orellana",24,2082,7,6,0,0,38,17,"45%",102,32,"31%",0,29,46,20,19,17,0,8,1,0,1,4,3,0,0,0,0,59,39,"77%",61,7,1,1,0,0
"175","Fabian Schär",1,90,0,0,0,0,0,0,"0%",0,0,"0%",0,0,0,0,0,0,0,0,0,0,0,0,0,0,0,0,0,0,0,"0%",0,0,0,0,0,0
"176","Fabricio Agosto",1,90,0,0,3,3,0,0,"0%",0,0,"0%",0,0,0,1,0,0,0,1,0,1,0,0,0,0,0,0,0,0,0,"70%",0,0,0,0,0,0
"177","Facundo Ferreyra",13,542,1,0,0,0,7,5,"71%",2,1,"50%",0,6,8,23,2,2,0,2,0,0,0,0,0,0,0,0,0,3,4,"61%",0,0,0,0,0,0
"178","Facundo Roncaglia",13,1033,1,0,0,0,2,1,"50%",9,1,"11%",0,0,9,15,13,16,0,4,2,2,0,0,0,0,0,3,0,11,4,"78%",0,5,0,0,0,0
"179","Fayçal Fajr",7,388,0,0,0,0,9,3,"33%",31,8,"26%",1,2,5,3,4,0,0,2,0,0,0,0,0,0,0,0,0,1,9,"69%",15,11,1,3,1,0
"180","Fede San Emeterio",14,1059,0,0,0,0,1,0,"0%",3,0,"0%",0,0,16,17,21,10,0,3,0,0,0,0,0,0,0,3,0,2,5,"84%",0,2,0,0,0,0
"181","Fede Vico",9,413,1,1,0,0,9,1,"11%",20,5,"25%",0,3,9,3,2,0,0,1,0,0,0,1,1,0,0,1,0,10,9,"79%",8,3,0,1,0,0
"182","Federico Barba",5,450,0,0,0,0,1,1,"100%",5,1,"20%",0,0,5,8,8,6,0,3,0,0,0,0,0,0,0,2,0,1,1,"65%",0,1,0,0,0,0
"183","Federico Fernández",1,90,0,0,0,0,0,0,"0%",0,0,"0%",0,0,0,0,0,0,0,0,0,0,0,0,0,0,0,0,0,0,0,"0%",0,0,0,0,0,0
"184","Federico Valverde",22,1267,2,4,0,0,20,9,"45%",11,2,"18%",0,5,7,15,19,16,0,1,0,0,0,0,0,0,0,3,0,14,15,"87%",0,0,0,0,0,0
"185","Federico Varela",0,0,0,0,0,0,0,0,"0%",0,0,"0%",0,0,0,0,0,0,0,0,0,0,0,0,0,0,0,0,0,0,0,"0%",0,0,0,0,0,0
"186","Fedor Smolov",6,358,1,0,0,0,5,3,"60%",5,0,"0%",0,0,3,7,4,0,0,2,0,0,0,0,0,0,0,0,0,5,2,"66%",0,0,0,0,0,0
"187","Felipe",21,1802,1,0,0,0,18,5,"28%",1,0,"0%",0,6,12,24,38,18,0,6,0,0,0,0,0,0,0,11,0,4,5,"77%",0,11,0,0,0,0
"188","Ferland Mendy",16,1132,0,1,0,0,6,2,"33%",53,10,"19%",0,10,14,17,18,18,0,6,1,0,0,0,0,0,0,4,0,29,14,"86%",0,0,0,0,0,0
"189","Fernando Calero",14,978,0,0,0,0,0,0,"0%",0,0,"0%",0,0,5,7,7,8,0,4,1,0,0,0,0,0,0,4,1,1,0,"86%",0,1,0,0,0,0
"190","Fernando Niño",2,16,1,0,0,0,1,1,"100%",0,0,"0%",0,0,0,5,0,0,0,1,0,0,0,0,0,0,0,0,0,0,0,"60%",0,0,0,0,0,0
"191","Fernando Pacheco",24,2160,0,0,64,34,0,0,"0%",0,0,"0%",0,0,1,0,0,0,0,0,0,0,0,0,0,3,0,0,0,0,1,"56%",0,11,0,0,0,0
"192","Fernando Reges",24,2088,1,2,0,0,10,2,"20%",2,1,"50%",0,3,19,32,46,29,0,10,0,0,0,0,0,0,0,9,0,11,7,"87%",0,2,0,0,0,0
"193","Ferrán Torres",25,1771,4,4,0,0,27,10,"37%",65,9,"14%",0,19,29,15,10,14,0,4,0,0,0,0,0,0,0,1,0,44,21,"80%",0,1,0,0,0,0
"194","Filip Bradaric",4,213,0,0,0,0,0,0,"0%",2,1,"50%",0,0,0,3,4,2,0,0,1,0,0,0,0,0,0,2,0,0,1,"76%",1,1,0,0,0,0
"195","Florent Poulolo",0,0,0,0,0,0,0,0,"0%",0,0,"0%",0,0,0,0,0,0,0,0,0,0,0,0,0,0,0,0,0,0,0,"0%",0,0,0,0,0,0
"196","Florian Lejeune",0,0,0,0,0,0,0,0,"0%",0,0,"0%",0,0,0,0,0,0,0,0,0,0,0,0,0,0,0,0,0,0,0,"0%",0,0,0,0,0,0
"197","Fran Beltrán",20,1268,0,0,0,0,9,2,"22%",10,2,"20%",0,0,8,11,13,14,0,2,1,1,0,0,0,0,0,1,0,15,10,"89%",1,3,0,0,0,0
"198","Fran Gámez",14,1230,0,1,0,0,10,1,"10%",40,8,"20%",0,5,3,18,26,33,0,2,0,1,0,0,0,0,0,8,0,10,8,"73%",0,0,0,0,0,0
"199","Fran Mérida",17,931,0,0,0,0,12,2,"17%",13,3,"23%",0,7,15,14,27,7,0,8,1,0,0,0,0,0,0,3,0,19,9,"77%",2,5,0,0,0,0
"200","Francis Coquelin",19,1487,0,0,0,0,8,1,"13%",1,0,"0%",0,1,24,23,35,17,0,7,1,1,1,0,0,0,0,5,0,15,3,"90%",0,3,0,0,0,0
"201","Francisco Portillo",13,344,0,1,0,0,3,1,"33%",5,1,"20%",0,2,3,9,1,5,0,2,0,0,0,0,0,0,0,0,0,7,7,"73%",0,0,0,0,0,0
"202","Francisco Vieites",0,0,0,0,0,0,0,0,"0%",0,0,"0%",0,0,0,0,0,0,0,0,0,0,0,0,0,0,0,0,0,0,0,"0%",0,0,0,0,0,0
"203","Franco Vázquez",23,904,3,0,0,0,15,6,"40%",16,2,"13%",0,6,33,21,7,15,0,4,0,0,0,0,0,0,0,0,0,17,6,"88%",2,0,0,0,0,0
"204","Frenkie de Jong",26,1988,2,2,0,0,4,4,"100%",3,1,"33%",0,4,28,23,23,20,0,3,1,0,0,0,0,0,0,7,0,42,24,"92%",0,0,0,0,0,0
"205","Gabriel Fernández",16,517,1,1,0,0,7,3,"43%",2,0,"0%",0,1,7,14,2,1,0,4,1,0,0,0,0,0,0,1,0,8,2,"66%",0,0,0,0,0,0
"206","Gabriel Paulista",24,2088,1,0,0,0,6,2,"33%",1,0,"0%",0,2,17,14,45,11,0,5,0,0,0,0,0,0,0,26,0,5,0,"89%",0,7,0,0,0,0
"207","Gaizka Larrazabal",9,182,0,0,0,0,3,1,"33%",12,3,"25%",0,5,3,6,0,2,0,0,0,0,1,0,0,0,0,0,0,1,1,"60%",4,0,0,0,0,0
"208","Gareth Bale",14,993,2,2,0,0,31,11,"35%",45,9,"20%",0,8,10,15,5,4,0,4,1,0,0,0,0,0,0,2,0,17,12,"80%",0,0,0,3,1,0
"209","Gary Cahill",1,90,0,0,0,0,0,0,"0%",0,0,"0%",0,0,0,0,0,0,0,0,0,0,0,0,0,0,0,0,0,0,0,"0%",0,0,0,0,0,0
"210","Geoffrey Kondogbia",17,1216,1,0,0,0,11,1,"9%",0,0,"0%",0,0,15,24,34,22,0,5,0,1,0,0,0,0,0,5,0,12,3,"82%",0,0,0,0,0,0
"211","Gerard Moreno",25,2058,11,3,0,0,70,25,"36%",47,9,"19%",2,10,35,27,11,8,0,4,0,0,2,1,0,0,0,2,0,45,40,"74%",0,0,0,0,0,0
"212","Gerard Piqué",25,2219,1,0,0,0,9,5,"56%",0,0,"0%",2,0,15,25,28,15,1,11,0,2,0,0,0,0,0,19,0,4,4,"91%",0,10,0,1,1,0
"213","Germán Sánchez",19,1590,2,0,0,0,8,4,"50%",0,0,"0%",0,2,17,20,24,7,0,9,1,0,0,0,0,0,0,17,0,1,0,"80%",0,14,0,0,0,0
"214","Germán Valera",1,4,0,0,0,0,0,0,"0%",0,0,"0%",0,0,0,0,0,0,0,0,0,0,0,0,0,0,0,0,0,0,1,"50%",0,0,0,0,0,0
"215","Gil Dias",2,84,0,0,0,0,2,2,"100%",2,0,"0%",0,4,1,2,0,1,0,0,0,0,0,0,0,0,0,0,0,2,1,"65%",0,0,0,0,0,0
"216","Gonçalo Guedes",10,598,0,1,0,0,11,5,"45%",14,2,"14%",0,10,27,9,4,7,0,0,0,0,0,0,0,0,0,0,0,24,11,"79%",2,0,0,0,0,0
"217","Gonzalo Ávila 'Pipa'",2,116,0,0,0,0,1,1,"100%",4,0,"0%",0,1,1,3,1,1,0,1,0,1,0,0,0,0,0,0,0,1,1,"70%",0,0,0,0,0,0
"218","Gonzalo Escalante",20,1410,0,1,0,0,19,4,"21%",14,3,"21%",0,3,26,28,25,23,0,7,1,0,1,0,0,0,0,3,0,13,9,"69%",0,2,0,0,0,0
"219","Gonzalo Melero",16,834,1,1,0,0,14,5,"36%",2,1,"50%",0,4,20,19,5,9,0,3,0,0,0,0,0,0,0,3,0,4,8,"81%",0,0,0,0,0,0
"220","Gonzalo Pereira",1,13,0,0,0,0,0,0,"0%",0,0,"0%",0,0,0,0,0,0,0,0,0,0,0,0,0,0,0,0,0,0,0,"100%",0,0,0,0,0,0
"221","Guido Carrillo",20,1005,1,2,0,0,29,12,"41%",3,0,"0%",1,3,21,26,1,9,0,1,0,0,0,0,0,0,0,1,0,4,10,"62%",0,0,0,0,0,0
"222","Guido Rodríguez",5,180,0,0,0,0,0,0,"0%",0,0,"0%",0,0,3,3,5,4,0,2,0,0,0,0,0,0,0,2,0,1,0,"84%",0,0,0,0,0,0
"223","Guillermo Maripán",1,90,0,0,0,0,0,0,"0%",0,0,"0%",0,0,0,0,2,1,0,0,0,0,0,0,0,0,0,0,0,0,0,"73%",0,2,0,0,0,0
"224","Hatem Ben Arfa",2,26,0,0,0,0,1,0,"0%",0,0,"0%",0,0,0,1,0,0,0,1,0,0,0,0,0,0,0,0,0,6,1,"62%",0,0,0,0,0,0
"225","Héctor Herrera",14,833,0,1,0,0,12,1,"8%",23,8,"35%",0,4,11,12,15,19,0,0,0,0,0,0,0,0,0,4,0,10,17,"89%",8,9,4,0,0,0
"226","Hernâni",11,424,2,0,0,0,17,8,"47%",25,5,"20%",0,5,10,2,3,3,0,2,1,0,0,0,0,0,0,0,0,5,8,"69%",0,3,0,0,0,0
"227","Hugo Duro",3,78,0,0,0,0,2,1,"50%",2,0,"0%",0,2,3,6,0,1,0,1,0,0,0,0,0,0,0,0,0,0,0,"69%",0,0,0,0,0,0
"228","Hugo Guillamón",1,45,0,0,0,0,0,0,"0%",1,0,"0%",0,0,1,0,0,1,0,0,0,0,0,0,0,0,0,0,0,0,0,"89%",0,0,0,0,0,0
"229","Hugo Mallo",21,1574,0,1,0,0,5,2,"40%",61,9,"15%",0,4,22,23,19,31,0,7,0,0,0,0,0,0,0,6,0,3,9,"80%",1,5,0,0,0,0
"230","Iago Aspas",26,2328,9,2,0,0,66,30,"45%",20,5,"25%",0,24,49,21,14,12,0,6,0,0,1,3,2,0,0,0,0,42,38,"79%",2,1,0,8,2,0
"231","Iago Domínguez",0,0,0,0,0,0,0,0,"0%",0,0,"0%",0,0,0,0,0,0,0,0,0,0,0,0,0,0,0,0,0,0,0,"0%",0,0,0,0,0,0
"232","Iago Herrerín",3,270,0,0,6,3,0,0,"0%",0,0,"0%",0,1,0,0,0,0,0,0,0,0,0,0,0,0,0,0,0,0,0,"46%",0,6,0,0,0,0
"233","Ibai Gómez",14,650,0,0,0,0,14,5,"36%",85,25,"29%",1,9,3,3,5,4,0,0,0,0,0,0,0,0,0,0,0,8,15,"79%",40,22,5,2,0,0
"234","Ibrahim Amadou",1,90,0,0,0,0,0,0,"0%",0,0,"0%",0,0,1,1,0,1,0,0,0,0,0,0,0,0,0,0,0,0,0,"85%",0,0,0,0,0,0
"235","Iddrisu Baba",25,2082,0,0,0,0,7,1,"14%",2,0,"0%",0,1,47,31,31,26,0,5,0,3,0,0,0,0,1,7,0,33,5,"80%",0,0,0,0,0,0
"236","Igor Zubeldia",24,2004,0,1,0,0,11,0,"0%",5,1,"20%",0,2,18,41,14,18,0,7,0,2,0,0,0,0,0,17,0,13,4,"88%",0,0,0,0,0,0
"237","Iker Losada",2,13,1,0,0,0,1,1,"100%",3,0,"0%",0,1,0,0,0,0,0,0,0,0,0,0,0,0,0,0,0,0,0,"75%",0,0,0,0,0,0
"238","Iker Muniaín",20,1575,4,2,0,0,20,10,"50%",38,5,"13%",0,12,41,17,8,14,0,0,1,0,0,0,0,0,0,0,0,48,29,"86%",15,10,2,1,0,0
"239","Iñaki Álvarez",0,0,0,0,0,0,0,0,"0%",0,0,"0%",0,0,0,0,0,0,0,0,0,0,0,0,0,0,0,0,0,0,0,"0%",0,0,0,0,0,0
"240","Iñaki Peña",0,0,0,0,0,0,0,0,"0%",0,0,"0%",0,0,0,0,0,0,0,0,0,0,0,0,0,0,0,0,0,0,0,"0%",0,0,0,0,0,0
"241","Iñaki Williams",27,2192,6,0,0,0,35,20,"57%",43,14,"33%",2,18,36,19,5,4,0,2,0,0,1,2,1,0,0,0,0,38,22,"74%",0,0,0,0,0,0
"242","Íñigo Córdoba",14,862,1,2,0,0,17,4,"24%",23,4,"17%",0,2,12,19,6,15,0,4,0,0,0,0,0,0,0,2,0,8,8,"74%",0,0,0,0,0,0
"243","Íñigo Lekue",10,416,0,1,0,0,2,0,"0%",26,5,"19%",0,2,1,9,1,9,0,0,0,1,0,0,0,0,0,0,0,6,5,"74%",5,1,0,0,0,0
"244","Íñigo Martínez",24,2160,0,1,0,0,24,3,"13%",14,5,"36%",0,3,32,24,36,22,0,7,0,0,0,0,0,0,1,8,0,6,9,"79%",0,30,0,4,0,0
"245","Íñigo Pérez",12,520,1,0,0,0,11,3,"27%",20,2,"10%",1,2,6,7,4,10,0,1,0,0,0,0,0,0,0,0,0,1,5,"76%",2,10,1,2,1,0
"246","Isaac Hayden",0,0,0,0,0,0,0,0,"0%",0,0,"0%",0,0,0,0,0,0,0,0,0,0,0,0,0,0,0,0,0,0,0,"0%",0,0,0,0,0,0
"247","Isco Alarcón",16,867,1,0,0,0,17,10,"59%",29,4,"14%",0,4,19,9,3,8,0,1,0,0,0,0,0,0,0,0,0,26,17,"88%",1,0,0,2,0,0
"248","Ismael Gutiérrez",3,77,0,0,0,0,0,0,"0%",0,0,"0%",0,0,1,1,2,1,0,1,0,0,0,0,0,0,0,1,0,0,0,"81%",0,0,0,0,0,0
"249","Ismail Köybasi",3,225,0,0,0,0,1,0,"0%",8,2,"25%",0,0,2,3,5,4,0,1,0,0,0,0,0,0,0,0,0,2,0,"65%",0,1,1,1,0,0
"250","Iván Cuéllar",16,1442,0,0,41,21,0,0,"0%",0,0,"0%",0,1,2,0,1,0,0,3,1,0,0,0,0,0,0,0,0,0,0,"45%",0,8,0,0,0,0
"251","Iván López",0,0,0,0,0,0,0,0,"0%",0,0,"0%",0,0,0,0,0,0,0,0,0,0,0,0,0,0,0,0,0,0,0,"0%",0,0,0,0,0,0
"252","Iván López",0,0,0,0,0,0,0,0,"0%",0,0,"0%",0,0,0,0,0,0,0,0,0,0,0,0,0,0,0,0,0,0,0,"0%",0,0,0,0,0,0
"253","Iván Martín",0,0,0,0,0,0,0,0,"0%",0,0,"0%",0,0,0,0,0,0,0,0,0,0,0,0,0,0,0,0,0,0,0,"0%",0,0,0,0,0,0
"254","Ivan Rakitic",21,967,0,3,0,0,18,5,"28%",13,4,"31%",0,6,23,13,10,6,0,2,0,0,0,0,0,0,0,4,0,4,8,"88%",8,2,0,0,0,0
"255","Iván Ramis",7,457,1,0,0,0,4,2,"50%",1,0,"0%",0,0,5,4,4,2,0,1,0,0,0,0,0,0,0,0,1,3,1,"79%",0,7,0,0,0,0
"256","Ivan Saponjic",1,3,0,0,0,0,1,0,"0%",0,0,"0%",0,0,0,0,0,0,0,0,0,0,0,0,0,0,0,0,0,0,0,"0%",0,0,0,0,0,0
"257","Iván Villar",0,0,0,0,0,0,0,0,"0%",0,0,"0%",0,0,0,0,0,0,0,0,0,0,0,0,0,0,0,0,0,0,0,"0%",0,0,0,0,0,0
"258","Jaime Mata",24,1947,8,3,0,0,38,19,"50%",38,8,"21%",0,20,42,67,5,9,0,10,0,0,1,2,2,0,0,0,0,10,21,"65%",0,0,0,0,0,0
"259","Jairo Riedewald",0,0,0,0,0,0,0,0,"0%",0,0,"0%",0,0,0,0,0,0,0,0,0,0,0,0,0,0,0,0,0,0,0,"0%",0,0,0,0,0,0
"260","Jamaal Lascelles",1,90,0,0,0,0,0,0,"0%",0,0,"0%",0,0,0,0,0,0,0,0,0,0,0,0,0,0,0,0,0,0,0,"0%",0,0,0,0,0,0
"261","James McArthur",1,90,0,0,0,0,0,0,"0%",0,0,"0%",0,0,0,0,0,0,0,0,0,0,0,0,0,0,0,0,0,0,0,"0%",0,0,0,0,0,0
"262","James McCarthy",1,90,0,0,0,0,0,0,"0%",0,0,"0%",0,0,0,0,0,0,0,0,0,0,0,0,0,0,0,0,0,0,0,"0%",0,0,0,0,0,0
"263","James Rodríguez",7,342,1,1,0,0,9,1,"11%",22,6,"27%",0,2,6,5,2,9,0,1,0,0,0,0,0,0,0,0,0,1,14,"82%",10,6,2,1,0,0
"264","Jan Oblak",27,2405,0,0,60,21,0,0,"0%",0,0,"0%",0,0,7,0,1,0,0,0,0,0,0,0,0,0,0,0,1,1,0,"55%",0,11,0,0,0,0
"265","Jason",11,867,1,4,0,0,16,5,"31%",59,13,"22%",0,10,20,16,14,14,0,5,0,0,0,0,0,0,0,3,0,17,17,"62%",18,9,1,2,2,0
"266","Jasper Cillessen",16,1376,0,1,46,19,0,0,"0%",0,0,"0%",0,0,2,0,2,0,0,1,0,0,0,0,0,2,0,0,1,0,1,"56%",0,7,0,0,0,0
"267","Jaume Costa",13,962,0,0,0,0,2,1,"50%",20,2,"10%",0,10,16,14,15,21,0,2,0,0,0,0,0,0,0,6,0,11,5,"82%",0,1,0,0,0,0
"268","Jaume Doménech",12,1054,0,0,51,20,0,0,"0%",0,0,"0%",0,0,0,0,1,1,0,1,0,0,0,0,0,0,0,0,0,0,0,"61%",0,9,0,0,0,0
"269","Javi Díaz",0,0,0,0,0,0,0,0,"0%",0,0,"0%",0,0,0,0,0,0,0,0,0,0,0,0,0,0,0,0,0,0,0,"0%",0,0,0,0,0,0
"270","Javi García",7,361,0,0,0,0,3,1,"33%",0,0,"0%",0,0,5,3,4,0,0,2,0,0,0,0,0,0,1,0,0,1,0,"83%",0,0,0,0,0,0
"271","Javi Jiménez García",0,0,0,0,0,0,0,0,"0%",0,0,"0%",0,0,0,0,0,0,0,0,0,0,0,0,0,0,0,0,0,0,0,"0%",0,0,0,0,0,0
"272","Javi López",14,1122,0,0,0,0,3,0,"0%",24,5,"21%",0,1,21,23,19,25,0,5,1,1,0,0,0,0,0,5,1,16,7,"70%",0,0,0,0,0,0
"273","Javi Martínez",0,0,0,0,0,0,0,0,"0%",0,0,"0%",0,0,0,0,0,0,0,0,0,0,0,0,0,0,0,0,0,0,0,"0%",0,0,0,0,0,0
"274","Javi Moyano",19,1597,0,0,0,0,4,0,"0%",27,7,"26%",0,0,16,16,18,9,0,3,0,1,0,0,0,0,0,4,0,10,12,"74%",0,4,0,0,0,0
"275","Javi Muñoz",1,52,0,0,0,0,0,0,"0%",0,0,"0%",0,0,0,1,0,0,0,0,0,0,0,0,0,0,0,1,0,0,0,"71%",0,0,0,0,0,0
"276","Javi Ontiveros",21,454,2,1,0,0,32,11,"34%",28,6,"21%",1,8,9,13,1,11,0,1,0,0,1,0,0,0,0,1,0,24,7,"80%",6,2,0,5,3,1
"277","Javi Puado",0,0,0,0,0,0,0,0,"0%",0,0,"0%",0,0,0,0,0,0,0,0,0,0,0,0,0,0,0,0,0,0,0,"0%",0,0,0,0,0,0
"278","Javi Sánchez",0,0,0,0,0,0,0,0,"0%",0,0,"0%",0,0,0,0,0,0,0,0,0,0,0,0,0,0,0,0,0,0,0,"0%",0,0,0,0,0,0
"279","Javier Avilés",1,13,0,0,0,0,0,0,"0%",3,0,"0%",0,1,0,0,0,0,0,0,0,0,0,0,0,0,0,0,0,0,0,"67%",0,0,0,0,0,0
"280","Javier Eraso",15,607,0,0,0,0,5,3,"60%",32,10,"31%",0,3,11,13,5,6,0,2,0,0,0,0,0,0,0,0,0,1,8,"80%",15,5,2,0,0,0
"281","Jean-Clair Todibo",2,77,0,0,0,0,0,0,"0%",0,0,"0%",0,0,0,1,0,0,0,0,0,0,0,0,0,0,0,0,0,0,0,"96%",0,0,0,0,0,0
"282","Jeison Murillo",8,720,0,0,0,0,1,1,"100%",1,0,"0%",0,1,8,10,6,10,0,2,0,0,0,0,0,0,0,7,0,1,0,"83%",0,2,0,0,0,0
"283","Jesús Navas",27,2428,0,4,0,0,9,2,"22%",177,43,"24%",0,30,20,14,19,13,0,4,0,0,0,0,0,0,0,3,0,30,44,"80%",0,1,0,0,0,0
"284","Jesús Vallejo",3,185,0,0,0,0,1,0,"0%",1,0,"0%",0,1,0,0,2,2,0,0,0,0,0,0,0,0,0,1,0,1,0,"77%",0,3,0,0,0,0
"285","Joan Jordan",23,1533,2,2,0,0,22,5,"23%",69,21,"30%",1,11,19,47,14,24,0,5,0,0,1,0,0,0,0,3,1,24,27,"87%",30,21,3,6,2,1
"286","Joan Sastre",15,1279,0,2,0,0,14,1,"7%",62,15,"24%",0,5,19,18,21,18,0,4,0,1,0,0,0,0,0,2,0,2,14,"71%",0,4,1,1,0,0
"287","João Félix",20,1409,4,1,0,0,50,14,"28%",17,2,"12%",0,12,34,27,7,3,0,5,0,0,1,0,0,0,0,0,0,19,12,"79%",1,1,0,2,0,0
"288","Joaquín Fernández",14,1164,1,0,0,0,8,3,"38%",0,0,"0%",0,0,5,24,21,21,0,7,0,0,0,0,0,0,0,4,1,6,3,"79%",0,4,0,0,0,0
"289","Joaquín Sánchez",26,1707,8,2,0,0,27,14,"52%",69,16,"23%",2,19,20,10,15,4,0,3,0,0,0,3,2,0,0,2,0,45,46,"83%",25,14,1,4,1,0
"290","Joel Robles",26,2257,0,0,72,36,0,0,"0%",0,0,"0%",0,0,1,1,0,0,0,3,1,0,0,0,0,0,0,0,1,0,0,"70%",0,11,0,0,0,0
"291","Joel Ward",1,90,0,0,0,0,0,0,"0%",0,0,"0%",0,0,0,0,0,0,0,0,0,0,0,0,0,0,0,0,0,0,0,"0%",0,0,0,0,0,0
"292","Joelinton",1,90,0,0,0,0,0,0,"0%",0,0,"0%",0,0,0,0,0,0,0,0,0,0,0,0,0,0,0,0,0,0,0,"0%",0,0,0,0,0,0
"293","John Guidetti",5,92,0,0,0,0,2,0,"0%",0,0,"0%",0,0,1,0,0,1,0,0,0,0,0,0,0,0,0,0,0,2,1,"63%",0,0,0,1,0,0
"294","Jokin Ezkieta",0,0,0,0,0,0,0,0,"0%",0,0,"0%",0,0,0,0,0,0,0,0,0,0,0,0,0,0,0,0,0,0,0,"0%",0,0,0,0,0,0
"295","Jon Moncayola",18,976,1,0,0,0,7,2,"29%",7,1,"14%",0,1,3,21,10,16,0,4,0,0,0,0,0,0,0,4,0,5,6,"75%",0,1,0,0,0,0
"296","Jon Sillero",0,0,0,0,0,0,0,0,"0%",0,0,"0%",0,0,0,0,0,0,0,0,0,0,0,0,0,0,0,0,0,0,0,"0%",0,0,0,0,0,0
"297","Jonathan Calleri",19,1358,1,3,0,0,37,10,"27%",20,5,"25%",2,14,33,34,6,7,0,2,0,0,0,0,0,0,0,3,0,14,14,"54%",0,0,0,0,0,0
"298","Jonathan Silva",24,2124,0,0,0,0,15,2,"13%",106,31,"29%",0,15,29,31,25,31,0,11,0,0,0,0,0,0,1,3,0,10,24,"72%",10,26,2,3,0,0
"299","Jordan Ayew",1,90,0,0,0,0,0,0,"0%",0,0,"0%",0,0,0,0,0,0,0,0,0,0,0,0,0,0,0,0,0,0,0,"0%",0,0,0,0,0,0
"300","Jordi Alba",17,1375,1,1,0,0,4,1,"25%",41,8,"20%",0,9,11,8,21,7,0,4,0,0,0,0,0,0,0,1,0,10,19,"88%",0,0,0,0,0,0
"301","Jordi Masip",27,2430,0,0,70,33,0,0,"0%",0,0,"0%",0,1,1,0,0,1,0,2,0,0,0,0,0,0,0,0,3,0,1,"48%",0,11,0,0,0,0
"302","Jorge de Frutos",3,59,0,0,0,0,1,0,"0%",2,1,"50%",0,0,0,2,0,2,0,0,0,0,0,0,0,0,0,0,0,1,1,"87%",0,0,0,0,0,0
"303","Jorge F. Burgui",2,22,0,0,0,0,0,0,"0%",0,0,"0%",0,0,1,0,0,0,0,0,0,0,0,0,0,0,0,0,0,0,0,"57%",0,1,0,0,0,0
"304","Jorge Miramón",24,1931,0,3,0,0,10,3,"30%",58,14,"24%",0,15,20,12,31,21,0,3,0,2,0,0,0,0,0,7,1,11,18,"77%",0,0,0,0,0,0
"305","Jorge Molina",24,1421,5,2,0,0,27,11,"41%",10,3,"30%",2,15,30,26,4,1,0,4,1,0,1,2,2,0,0,0,0,16,18,"65%",0,0,0,0,0,0
"306","Jorge Sáenz",3,131,0,0,0,0,0,0,"0%",0,0,"0%",0,0,1,2,2,1,0,1,1,0,0,0,0,0,0,0,0,0,0,"86%",0,0,0,0,0,0
"307","José Ángel",21,1835,1,1,0,0,17,4,"24%",114,29,"25%",1,14,13,21,28,20,0,4,0,1,0,0,0,0,0,7,0,24,21,"71%",1,32,8,5,3,1
"308","José Antonio Caro",0,0,0,0,0,0,0,0,"0%",0,0,"0%",0,0,0,0,0,0,0,0,0,0,0,0,0,0,0,0,0,0,0,"0%",0,0,0,0,0,0
"309","José Antonio Martínez",16,1038,0,0,0,0,2,0,"0%",1,0,"0%",0,0,7,4,19,14,0,0,0,0,0,0,0,0,0,3,0,3,0,"74%",0,10,0,0,0,0
"310","José Arnáiz",16,507,0,0,0,0,16,5,"31%",14,4,"29%",0,10,9,12,5,0,0,2,0,0,1,0,0,0,0,0,0,13,10,"86%",2,1,1,0,0,0
"311","José Campaña",26,2304,2,5,0,0,29,6,"21%",131,33,"25%",0,18,42,22,27,17,1,4,1,1,0,0,0,0,0,5,0,42,57,"81%",70,35,3,3,2,1
"312","José Gayà",20,1678,0,0,0,0,6,2,"33%",67,9,"13%",0,12,27,15,15,29,0,4,0,0,1,0,0,0,0,6,0,27,8,"79%",0,2,0,0,0,0
"313","José Luis Morales",27,1957,2,2,0,0,32,12,"38%",56,11,"20%",1,32,12,9,7,7,0,2,0,0,0,0,0,0,0,1,0,28,27,"69%",0,0,0,0,0,0
"314","José María Giménez",11,990,0,0,0,0,7,2,"29%",0,0,"0%",0,1,9,7,13,11,0,0,0,0,0,0,0,0,0,3,0,3,0,"86%",0,10,0,0,0,0
"315","Joseba Zaldua",24,2050,0,2,0,0,7,2,"29%",83,20,"24%",0,19,48,31,35,28,0,6,0,1,0,0,0,0,1,7,0,14,12,"78%",0,2,0,0,0,0
"316","Joselu Sanmartín",26,2054,9,2,0,0,61,21,"34%",3,1,"33%",1,9,41,39,10,13,0,5,0,0,1,0,0,0,0,3,0,11,12,"54%",0,0,0,1,0,0
"317","Josep Señé",4,136,0,0,0,0,0,0,"0%",1,1,"100%",0,0,3,1,1,1,0,0,0,0,0,0,0,0,0,1,0,1,1,"95%",0,0,0,0,0,0
"318","Joseph Aidoo",23,1878,0,1,0,0,10,1,"10%",0,0,"0%",1,1,15,14,36,18,0,4,0,2,0,0,0,0,0,11,2,6,1,"87%",0,9,0,0,0,0
"319","Juan Hernández",2,22,0,0,0,0,0,0,"0%",2,1,"50%",0,1,0,0,0,0,0,0,0,0,0,0,0,0,0,0,0,3,2,"50%",0,0,0,0,0,0
"320","Juan Manuel Pérez",2,180,0,0,7,3,0,0,"0%",0,0,"0%",0,0,0,0,0,1,1,0,0,0,0,0,0,0,0,0,0,0,0,"45%",0,0,0,0,0,0
"321","Juan Soriano",11,990,0,0,22,18,1,1,"100%",0,0,"0%",0,1,1,1,0,0,0,2,0,1,0,0,0,0,0,0,0,0,0,"45%",0,0,0,0,0,0
"322","Juan Villar",10,240,1,0,0,0,5,3,"60%",1,0,"0%",0,2,2,7,0,0,0,1,0,0,0,1,1,0,0,1,0,1,3,"63%",0,0,0,0,0,0
"323","Juanmi Jiménez",2,75,0,0,0,0,3,1,"33%",0,0,"0%",0,0,0,0,0,0,0,0,0,0,0,0,0,0,0,0,0,0,0,"80%",0,0,0,0,0,0
"324","Julen Lobete",0,0,0,0,0,0,0,0,"0%",0,0,"0%",0,0,0,0,0,0,0,0,0,0,0,0,0,0,0,0,0,0,0,"0%",0,0,0,0,0,0
"325","Jules Koundé",19,1409,1,1,0,0,13,5,"38%",9,1,"11%",0,4,5,10,14,9,0,3,0,1,0,0,0,0,0,5,0,13,3,"85%",0,4,0,0,0,0
"326","Junior Firpo",12,812,1,0,0,0,4,1,"25%",7,3,"43%",0,4,11,28,13,13,0,3,0,0,0,0,0,0,0,3,1,6,8,"89%",0,1,0,0,0,0
"327","Karim Benzema",26,2214,14,6,0,0,96,42,"44%",18,0,"0%",5,15,11,15,6,5,0,0,0,0,0,3,3,0,0,1,1,25,44,"85%",0,0,0,1,0,0
"328","Karl Darlow",0,0,0,0,0,0,0,0,"0%",0,0,"0%",0,0,0,0,0,0,0,0,0,0,0,0,0,0,0,0,0,0,0,"0%",0,0,0,0,0,0
"329","Karl Toko Ekambi",18,993,6,2,0,0,39,19,"49%",4,1,"25%",0,6,7,7,3,3,0,0,0,1,0,0,0,0,0,0,0,20,10,"79%",0,0,0,0,0,0
"330","Kenan Kodro",7,330,1,0,0,0,3,2,"67%",1,0,"0%",0,1,6,5,0,0,0,0,0,0,0,0,0,0,0,0,0,2,1,"65%",0,0,0,1,0,0
"331","Kenedy",16,532,1,3,0,0,15,3,"20%",29,11,"38%",0,5,7,14,10,5,0,2,0,0,0,0,0,0,0,0,0,14,9,"73%",4,2,0,0,0,0
"332","Kenneth Omeruo",19,1598,1,0,0,0,3,1,"33%",0,0,"0%",0,0,6,14,30,14,0,5,0,1,0,0,0,0,0,12,0,2,2,"69%",0,4,0,0,0,0
"333","Kevin Gameiro",19,1045,5,1,0,0,15,7,"47%",11,0,"0%",0,9,11,10,4,9,0,0,0,0,0,1,0,0,0,0,0,14,8,"76%",0,0,0,0,0,0
"334","Kevin Rodrigues",19,1372,1,2,0,0,13,6,"46%",95,27,"28%",0,7,15,26,23,24,0,4,1,0,0,0,0,0,0,3,0,21,22,"73%",23,18,8,1,0,0
"335","Kevin Soni",1,4,0,0,0,0,0,0,"0%",0,0,"0%",0,0,0,2,0,0,0,0,0,0,0,0,0,0,0,0,0,0,0,"50%",0,0,0,0,0,0
"336","Kevin Vázquez",9,731,0,0,0,0,0,0,"0%",15,2,"13%",0,1,13,10,14,4,0,5,0,0,0,0,0,0,0,1,0,6,3,"81%",0,1,0,0,0,0
"337","Keylor Navas",0,0,0,0,0,0,0,0,"0%",0,0,"0%",0,0,0,0,0,0,0,0,0,0,0,0,0,0,0,0,0,0,0,"0%",0,0,0,0,0,0
"338","Ki Sung-Yueng",1,9,0,0,0,0,0,0,"0%",0,0,"0%",0,0,0,1,0,0,0,0,0,0,0,0,0,0,0,0,0,0,0,"33%",0,0,0,0,0,0
"339","Kieran Trippier",19,1529,0,3,0,0,3,0,"0%",111,28,"25%",0,14,11,19,20,28,0,2,0,1,0,0,0,0,0,5,0,12,32,"75%",39,21,3,2,0,0
"340","Kike Barja",1,63,0,0,0,0,1,1,"100%",2,0,"0%",0,1,1,2,0,0,0,0,0,0,0,0,0,0,0,0,0,5,1,"79%",0,0,0,0,0,0
"341","Kike García",17,1092,3,0,0,0,35,9,"26%",9,1,"11%",1,8,14,33,1,4,0,2,0,0,0,0,0,0,0,0,0,3,8,"65%",0,0,0,0,0,0
"342","Kiko Olivas",27,2430,1,0,0,0,5,3,"60%",0,0,"0%",0,1,24,10,48,11,0,1,0,1,0,0,0,0,0,14,0,7,3,"87%",0,17,0,0,0,0
"343","Koke Resurrección",22,1867,2,4,0,0,16,5,"31%",72,16,"22%",0,10,25,12,25,23,0,4,0,0,1,0,0,0,0,7,0,9,46,"85%",39,40,1,0,0,0
"344","Koke Vegas",0,0,0,0,0,0,0,0,"0%",0,0,"0%",0,0,0,0,0,0,0,0,0,0,0,0,0,0,0,0,0,0,0,"0%",0,0,0,0,0,0
"345","Lago Júnior",24,1760,4,0,0,0,29,12,"41%",47,6,"13%",1,21,35,32,10,14,0,2,0,2,0,3,3,0,0,5,0,22,15,"77%",0,0,0,0,0,0
"346","Leandro Cabrera",25,2160,2,0,0,0,10,3,"30%",9,2,"22%",1,6,13,22,30,12,1,4,0,0,0,0,0,0,0,10,0,3,6,"56%",0,34,0,0,0,0
"347","Leandro Chichizola",0,0,0,0,0,0,0,0,"0%",0,0,"0%",0,0,0,0,0,0,0,0,0,0,0,0,0,0,0,0,0,0,0,"0%",0,0,0,0,0,0
"348","Lee Kang-in",11,304,1,0,0,0,6,2,"33%",11,2,"18%",1,2,6,7,1,2,0,1,1,0,0,0,0,0,0,0,0,10,4,"85%",4,0,0,0,0,0
"349","Leonardo Koutris",2,93,0,0,0,0,0,0,"0%",3,1,"33%",0,0,0,3,1,1,0,0,0,1,0,0,0,0,0,1,0,0,1,"71%",0,0,0,0,0,0
"350","Lillo Castellano",4,191,0,0,0,0,1,0,"0%",11,1,"9%",0,3,2,3,3,2,0,2,0,0,0,0,0,0,0,1,0,3,1,"82%",0,3,0,0,0,0
"351","Lionel Messi",22,1890,19,12,0,0,105,55,"52%",58,15,"26%",0,22,37,11,4,7,0,3,0,0,0,3,3,0,0,0,0,117,54,"83%",27,25,4,23,10,4
"352","Lisandro Magallán",11,744,1,0,0,0,5,2,"40%",0,0,"0%",0,0,3,10,7,4,0,4,0,1,0,0,0,0,0,6,0,2,0,"74%",0,7,0,0,0,0
"353","Ljubomir Fejsa",5,363,0,0,0,0,0,0,"0%",0,0,"0%",0,0,5,10,3,5,0,1,0,0,0,0,0,0,0,1,0,0,1,"81%",0,0,0,0,0,0
"354","Lluis López",4,300,0,0,0,0,2,0,"0%",2,1,"50%",0,1,1,2,1,2,0,1,0,0,0,0,0,0,0,0,0,1,0,"89%",0,0,0,0,0,0
"355","Loren Morón",26,1549,9,2,0,0,40,13,"33%",6,2,"33%",3,7,35,20,7,11,0,2,1,0,0,0,0,0,0,6,0,8,14,"66%",0,0,0,0,0,0
"356","Luca Sangalli",11,370,0,1,0,0,6,5,"83%",5,2,"40%",0,2,7,1,1,0,0,0,0,0,0,0,0,0,0,0,0,5,9,"76%",1,2,2,0,0,0
"357","Lucas Ocampos",22,1914,10,2,0,0,54,23,"43%",71,15,"21%",2,35,45,30,20,23,0,8,1,0,1,2,2,0,0,2,0,49,17,"77%",0,0,0,0,0,0
"358","Lucas Olaza",25,2250,1,3,0,0,14,5,"36%",159,38,"24%",0,26,17,20,27,27,0,4,0,0,1,0,0,0,0,11,1,10,27,"79%",32,27,5,5,2,1
"359","Lucas Pérez",26,1944,11,5,0,0,39,17,"44%",101,31,"31%",0,25,9,21,2,5,0,3,0,0,0,5,5,0,0,2,0,21,49,"71%",34,24,12,2,0,0
"360","Lucas Vázquez",14,644,2,1,0,0,9,3,"33%",41,12,"29%",0,12,12,20,7,13,0,1,0,0,1,0,0,0,0,0,0,16,14,"83%",3,1,0,0,0,0
"361","Luis Perea",2,21,0,0,0,0,0,0,"0%",0,0,"0%",0,0,1,0,0,0,0,0,0,0,0,0,0,0,0,0,0,0,0,"86%",0,0,0,0,0,0
"362","Luis Rioja",19,1185,0,0,0,0,7,1,"14%",48,9,"19%",0,13,10,14,15,6,0,2,0,0,0,0,0,0,0,0,0,18,13,"75%",2,7,3,0,0,0
"363","Luis Suárez",17,1276,11,7,0,0,52,29,"56%",9,4,"44%",3,11,14,13,0,0,0,4,0,0,0,1,1,0,0,1,0,18,19,"74%",0,0,0,1,0,0
"364","Luka Jovic",15,396,2,1,0,0,14,2,"14%",0,0,"0%",2,0,1,4,2,1,0,2,0,0,0,0,0,0,0,0,0,8,4,"81%",0,0,0,0,0,0
"365","Luka Modric",22,1356,3,4,0,0,21,9,"43%",43,12,"28%",0,7,14,19,17,9,0,3,1,0,1,0,0,0,0,2,0,21,28,"89%",14,6,2,0,0,0
"366","Lumor Agbenyenu",20,1608,0,0,0,0,12,1,"8%",68,12,"18%",0,12,9,13,23,17,0,5,1,0,0,0,0,0,0,2,0,27,15,"74%",0,2,0,0,0,0
"367","Luuk de Jong",24,1615,5,1,0,0,45,17,"38%",2,1,"50%",3,8,32,24,6,10,0,2,0,0,0,0,0,0,0,1,0,6,17,"68%",0,0,0,0,0,0
"368","Manolo Reina",26,2340,0,0,90,41,0,0,"0%",0,0,"0%",0,1,7,0,5,0,0,4,0,0,0,0,0,1,0,0,1,0,0,"56%",0,7,0,0,0,0
"369","Manu García",25,1765,0,0,0,0,18,6,"33%",3,0,"0%",1,3,36,52,21,22,0,10,1,3,0,0,0,0,0,12,0,6,2,"71%",0,1,0,0,0,0
"370","Manu Sánchez",1,62,0,0,0,0,0,0,"0%",4,1,"25%",0,2,0,2,0,0,0,1,0,0,0,0,0,0,0,0,0,1,2,"85%",0,0,0,0,0,0
"371","Manu Trigueros",21,1301,1,4,0,0,19,7,"37%",24,7,"29%",0,4,26,21,3,17,0,4,0,0,0,1,1,0,0,8,0,18,30,"88%",13,3,0,1,0,0
"372","Manu Vallejo",8,319,1,0,0,0,6,2,"33%",3,1,"33%",0,1,3,5,3,3,0,0,0,0,0,0,0,0,0,0,0,4,4,"71%",0,0,0,0,0,0
"373","Manuel Morlanes",2,90,0,0,0,0,0,0,"0%",1,0,"0%",0,0,0,1,2,1,0,0,0,0,0,0,0,0,0,1,0,2,3,"93%",1,0,0,0,0,0
"374","Marc Bartra",23,1972,2,1,0,0,19,3,"16%",1,0,"0%",0,0,25,26,30,28,0,5,0,1,0,0,0,0,0,19,0,10,4,"84%",0,8,0,0,0,0
"375","Marc Cardona",13,528,1,1,0,0,9,2,"22%",3,0,"0%",0,4,7,6,1,0,0,1,0,0,0,0,0,0,0,1,0,4,7,"75%",0,0,0,0,0,0
"376","Marc Cucurella",26,2318,1,4,0,0,20,5,"25%",82,18,"22%",1,6,46,52,18,43,0,6,0,0,1,0,0,0,0,7,0,21,39,"67%",1,9,3,1,0,0
"377","Marc Navarro",4,219,0,0,0,0,5,0,"0%",7,0,"0%",0,5,0,6,0,3,0,1,0,0,0,0,0,0,0,1,0,2,1,"67%",0,0,0,0,0,0
"378","Marc Pedraza",2,74,0,0,0,0,0,0,"0%",0,0,"0%",0,0,0,2,1,2,0,0,0,0,0,0,0,0,0,0,0,0,0,"68%",0,0,0,0,0,0
"379","Marc Roca",24,2067,2,1,0,0,24,4,"17%",36,10,"28%",0,9,16,54,23,37,0,7,0,0,0,2,2,0,0,8,1,10,20,"81%",6,21,6,1,0,0
"380","Marc-André ter Stegen",26,2340,0,2,56,29,0,0,"0%",0,0,"0%",0,0,2,0,1,2,1,0,0,0,0,0,0,1,0,0,3,0,2,"85%",0,4,0,0,0,0
"381","Marcelo",11,938,0,2,0,0,13,4,"31%",49,13,"27%",0,10,13,5,13,3,1,2,0,0,1,0,0,0,0,2,0,13,22,"85%",0,1,0,0,0,0
"382","Marcos Llorente",18,731,1,0,0,0,4,1,"25%",1,0,"0%",0,0,5,15,13,8,0,4,0,0,0,0,0,0,0,4,0,8,1,"81%",0,0,0,0,0,0
"383","Mariano Díaz",2,22,1,0,0,0,4,2,"50%",0,0,"0%",0,0,0,0,0,0,0,0,0,0,0,0,0,0,0,0,0,0,1,"83%",0,0,0,0,0,0
"384","Mario Gaspar",17,1498,0,1,0,0,13,1,"8%",18,5,"28%",0,9,7,22,19,17,0,2,0,0,0,0,0,0,0,9,0,3,13,"74%",0,2,0,0,0,0
"385","Mario Hermoso",14,1013,0,0,0,0,3,2,"67%",2,0,"0%",0,3,8,14,13,7,0,2,0,0,0,0,0,0,0,4,0,6,1,"78%",0,5,0,0,0,0
"386","Mario Rodríguez",0,0,0,0,0,0,0,0,"0%",0,0,"0%",0,0,0,0,0,0,0,0,0,0,0,0,0,0,0,0,0,0,0,"0%",0,0,0,0,0,0
"387","Markel Bergara",2,72,0,0,0,0,1,0,"0%",2,0,"0%",0,1,0,3,0,0,0,2,0,0,0,0,0,0,0,0,0,0,0,"56%",0,0,0,0,0,0
"388","Marko Dmitrovic",26,2340,0,0,56,41,0,0,"0%",0,0,"0%",0,1,1,1,2,1,0,3,0,0,0,0,0,1,0,0,0,0,0,"44%",0,9,0,0,0,0
"389","Martín Aguirregabiria",22,1530,0,1,0,0,3,1,"33%",24,7,"29%",0,3,15,27,11,21,0,3,0,1,0,0,0,0,0,4,0,13,7,"69%",0,3,0,0,0,0
"390","Martin Braithwaite",27,2063,6,1,0,0,47,22,"47%",12,0,"0%",1,14,32,31,4,7,0,3,0,0,0,1,0,0,0,2,0,40,15,"70%",0,0,0,1,0,0
"391","Martin Dubravka",1,90,0,0,0,0,0,0,"0%",0,0,"0%",0,0,0,0,0,0,0,0,0,0,0,0,0,0,0,0,0,0,0,"0%",0,0,0,0,0,0
"392","Martin Kelly",0,0,0,0,0,0,0,0,"0%",0,0,"0%",0,0,0,0,0,0,0,0,0,0,0,0,0,0,0,0,0,0,0,"0%",0,0,0,0,0,0
"393","Martin Odegaard",23,2015,4,5,0,0,42,14,"33%",93,28,"30%",0,17,29,22,9,14,0,3,0,0,0,0,0,0,0,0,0,57,54,"85%",48,41,7,3,1,1
"394","Martin Valjent",27,2430,0,0,0,0,12,3,"25%",1,1,"100%",1,2,8,13,31,14,0,4,0,0,0,0,0,0,0,15,0,5,3,"82%",0,12,0,0,0,0
"395","Martín Zubimendi",0,0,0,0,0,0,0,0,"0%",0,0,"0%",0,0,0,0,0,0,0,0,0,0,0,0,0,0,0,0,0,0,0,"0%",0,0,0,0,0,0
"396","Mathias Olivera",13,936,0,1,0,0,3,0,"0%",22,3,"14%",1,3,9,18,15,19,0,4,1,0,0,0,0,0,0,1,0,10,4,"51%",0,5,0,0,0,0
"397","Matías Vargas",16,942,0,3,0,0,19,2,"11%",38,9,"24%",0,12,18,8,2,6,0,1,0,0,0,0,0,0,0,2,0,24,17,"69%",13,1,0,1,0,0
"398","Matt Ritchie",0,0,0,0,0,0,0,0,"0%",0,0,"0%",0,0,0,0,0,0,0,0,0,0,0,0,0,0,0,0,0,0,0,"0%",0,0,0,0,0,0
"399","Matthew Longstaff",0,0,0,0,0,0,0,0,"0%",0,0,"0%",0,0,0,0,0,0,0,0,0,0,0,0,0,0,0,0,0,0,0,"0%",0,0,0,0,0,0
"400","Mauro Arambarri",25,2184,1,1,0,0,31,5,"16%",26,5,"19%",0,9,43,60,36,25,0,9,1,0,0,0,0,0,0,4,0,25,8,"70%",2,7,1,4,0,0
"401","Max Meyer",0,0,0,0,0,0,0,0,"0%",0,0,"0%",0,0,0,0,0,0,0,0,0,0,0,0,0,0,0,0,0,0,0,"0%",0,0,0,0,0,0
"402","Maxi Gómez",22,1506,9,2,0,0,31,17,"55%",6,0,"0%",0,7,46,35,5,7,0,5,0,0,0,1,0,0,0,0,0,6,10,"64%",0,1,0,0,0,0
"403","Maxime Gonalons",18,1448,0,0,0,0,6,4,"67%",1,0,"0%",0,2,24,35,20,38,0,6,0,0,0,0,0,0,0,3,0,11,7,"81%",0,7,0,0,0,0
"404","Míchel Herrero",24,1780,1,1,0,0,9,2,"22%",83,17,"20%",0,13,13,27,28,25,0,4,0,0,0,1,1,0,0,4,0,16,24,"81%",47,46,3,2,0,0
"405","Miguel Á. Guerrero",2,132,0,0,0,0,2,1,"50%",1,0,"0%",0,0,1,4,0,0,0,0,0,0,0,0,0,0,0,0,0,3,2,"68%",0,0,0,0,0,0
"406","Miguel Almirón",1,90,0,0,0,0,0,0,"0%",0,0,"0%",0,0,0,0,0,0,0,0,0,0,0,0,0,0,0,0,0,0,0,"0%",0,0,0,0,0,0
"407","Miguel Ángel Leal",0,0,0,0,0,0,0,0,"0%",0,0,"0%",0,0,0,0,0,0,0,0,0,0,0,0,0,0,0,0,0,0,0,"0%",0,0,0,0,0,0
"408","Miguel Ángel Moyà",7,630,0,0,24,9,0,0,"0%",0,0,"0%",0,0,0,0,1,0,0,0,0,0,0,0,0,0,0,0,0,1,0,"76%",0,3,0,0,0,0
"409","Miguel Atienza",1,26,0,0,0,0,1,0,"0%",0,0,"0%",0,0,1,1,1,0,0,0,0,0,0,0,0,0,0,0,0,0,0,"64%",0,0,0,0,0,0
"410","Miguel de la Fuente",3,32,0,0,0,0,0,0,"0%",2,0,"0%",0,0,0,1,0,1,0,0,0,0,0,0,0,0,0,0,0,0,0,"67%",0,0,0,0,0,0
"411","Mikel Balenziaga",3,270,0,0,0,0,0,0,"0%",8,0,"0%",0,2,2,3,0,9,0,1,0,0,0,0,0,0,0,0,0,2,0,"73%",0,0,0,0,0,0
"412","Mikel Merino",26,2248,3,1,0,0,29,6,"21%",25,4,"16%",2,7,60,55,39,38,0,5,0,0,1,0,0,0,0,6,0,27,25,"77%",0,1,0,0,0,0
"413","Mikel Oyarzabal",26,2154,8,6,0,0,50,19,"38%",69,14,"20%",0,19,37,27,11,12,0,3,0,0,0,4,4,0,0,1,1,57,32,"77%",2,10,1,0,0,0
"414","Mikel San José",9,359,0,0,0,0,5,1,"20%",0,0,"0%",0,1,1,6,11,3,0,3,0,0,0,0,0,0,0,1,0,1,1,"72%",0,0,0,0,0,0
"415","Mikel Vesga",9,683,0,0,0,0,6,1,"17%",6,2,"33%",0,0,4,14,12,7,0,2,0,0,0,0,0,0,0,2,0,2,3,"80%",1,1,0,0,0,0
"416","Miquel Parera",0,0,0,0,0,0,0,0,"0%",0,0,"0%",0,0,0,0,0,0,0,0,0,0,0,0,0,0,0,0,0,0,0,"0%",0,0,0,0,0,0
"417","Modibo Sagnan",0,0,0,0,0,0,0,0,"0%",0,0,"0%",0,0,0,0,0,0,0,0,0,0,0,0,0,0,0,0,0,0,0,"0%",0,0,0,0,0,0
"418","Mohammed Salisu",27,2365,1,1,0,0,6,1,"17%",1,1,"100%",0,0,10,19,32,20,1,2,0,1,0,0,0,0,0,23,1,9,1,"81%",0,10,0,0,0,0
"419","Moi Gómez",26,1762,4,3,0,0,32,12,"38%",64,18,"28%",0,15,19,17,18,17,0,1,0,0,1,0,0,0,0,1,0,19,25,"83%",3,0,0,1,0,0
"420","Mouctar Diakhaby",16,1004,0,0,0,0,0,0,"0%",1,1,"100%",0,0,12,13,10,8,1,3,0,0,0,0,0,0,0,12,0,3,1,"88%",0,2,0,0,0,0
"421","Moussa Wague",1,90,0,0,0,0,0,0,"0%",6,0,"0%",0,1,0,1,1,1,0,0,0,0,0,0,0,0,0,0,0,3,0,"88%",0,0,0,0,0,0
"422","Mubarak Wakaso",16,1285,0,0,0,0,14,1,"7%",15,1,"7%",0,0,24,41,20,32,1,12,1,0,0,0,0,0,0,5,1,26,5,"76%",0,4,0,0,0,0
"423","Munas Dabbur",2,26,0,0,0,0,2,0,"0%",1,1,"100%",1,1,0,0,0,1,0,0,0,0,0,0,0,0,0,0,0,0,0,"75%",0,0,0,0,0,0
"424","Munir El Haddadi",10,642,2,1,0,0,25,10,"40%",5,1,"20%",1,5,19,11,3,6,0,1,0,0,0,0,0,0,0,0,0,9,7,"76%",0,1,0,0,0,0
"425","Nabil Bentaleb",1,90,0,0,0,0,0,0,"0%",0,0,"0%",0,0,0,0,0,0,0,0,0,0,0,0,0,0,0,0,0,0,0,"0%",0,0,0,0,0,0
"426","Nabil Fekir",22,1822,7,3,0,0,73,25,"34%",40,12,"30%",2,18,84,47,12,23,0,7,1,0,4,1,1,0,0,3,0,70,25,"83%",8,4,0,4,1,0
"427","Nacho Fernández",5,394,1,0,0,0,6,1,"17%",16,2,"13%",1,3,7,9,10,6,0,3,0,0,0,0,0,0,0,2,0,1,3,"87%",0,1,0,0,0,0
"428","Nacho Martínez",14,1175,0,2,0,0,6,0,"0%",43,6,"14%",0,9,7,19,15,14,0,2,0,0,0,0,0,0,0,6,0,7,16,"71%",0,16,1,0,0,0
"429","Nacho Vidal",19,1554,0,0,0,0,12,2,"17%",48,6,"13%",1,8,25,22,35,18,0,5,0,1,0,0,0,0,0,6,0,24,17,"71%",0,7,0,0,0,0
"430","Naïs Djouahra",0,0,0,0,0,0,0,0,"0%",0,0,"0%",0,0,0,0,0,0,0,0,0,0,0,0,0,0,0,0,0,0,0,"0%",0,0,0,0,0,0
"431","Naldo Gomes",16,1233,0,1,0,0,9,0,"0%",2,1,"50%",0,1,4,18,19,12,0,7,1,0,0,0,0,0,0,6,0,3,3,"84%",0,4,0,0,0,0
"432","Natxo Monreal",20,1755,2,0,0,0,13,4,"31%",41,11,"27%",0,11,11,26,31,11,0,1,0,0,0,0,0,0,0,4,0,7,11,"83%",0,3,0,0,0,0
"433","Nélson Semedo",21,1386,0,2,0,0,4,0,"0%",10,2,"20%",2,10,24,16,16,22,0,1,0,0,1,0,0,0,0,1,0,32,6,"88%",0,0,0,0,0,0
"434","Nemanja Gudelj",16,710,0,0,0,0,6,1,"17%",2,2,"100%",0,2,7,16,11,10,0,5,0,1,0,0,0,0,0,5,0,2,2,"88%",0,2,0,1,0,0
"435","Nemanja Maksimovic",25,2112,2,0,0,0,24,9,"38%",6,3,"50%",1,4,9,15,39,24,0,5,0,0,0,0,0,0,0,5,0,10,5,"70%",0,0,0,0,0,0
"436","Nemanja Radoja",17,1419,1,0,0,0,1,1,"100%",5,2,"40%",0,1,16,13,18,13,0,2,0,0,0,0,0,0,0,1,0,16,5,"85%",0,0,0,0,0,0
"437","Néstor Araujo",25,2172,1,1,0,0,10,3,"30%",0,0,"0%",0,2,8,21,38,23,0,8,0,0,0,0,0,0,0,16,0,1,2,"84%",0,9,0,0,0,0
"438","Neto",1,90,0,0,1,2,0,0,"0%",0,0,"0%",0,0,0,0,0,0,0,0,0,0,0,0,0,0,0,0,0,0,0,"83%",0,0,0,0,0,0
"439","Nikola Vukcevic",22,1083,0,2,0,0,4,1,"25%",1,0,"0%",0,2,20,31,10,20,0,8,0,0,0,0,0,0,0,5,0,7,6,"85%",0,1,0,0,0,0
"440","Nolito",15,897,3,0,0,0,30,12,"40%",14,2,"14%",0,7,9,22,1,12,0,0,0,0,1,0,0,0,0,0,0,10,10,"79%",1,0,0,0,0,0
"441","Oghenekaro Etebo",6,347,0,0,0,0,5,2,"40%",8,0,"0%",0,2,4,5,9,4,0,2,0,0,0,0,0,0,0,0,1,2,1,"58%",0,0,0,0,0,0
"442","Oier Olazábal",0,0,0,0,0,0,0,0,"0%",0,0,"0%",0,0,0,0,0,0,0,0,0,0,0,0,0,0,0,0,0,0,0,"0%",0,0,0,0,0,0
"443","Oier Sanjurjo",20,1656,2,0,0,0,14,5,"36%",8,3,"38%",0,4,31,32,21,25,0,10,1,0,0,0,0,0,0,4,1,6,10,"71%",0,0,0,0,0,0
"444","Oihan Sancet",8,400,0,1,0,0,7,3,"43%",1,0,"0%",0,0,7,8,0,1,0,1,0,0,0,0,0,0,0,0,0,9,6,"82%",1,0,0,0,0,0
"445","Okay Yokuslu",16,1361,0,1,0,0,5,1,"20%",3,1,"33%",0,1,9,31,22,17,0,3,0,0,0,0,0,0,0,2,0,17,7,"80%",0,0,0,0,0,0
"446","Oliver Burke",21,794,1,1,0,0,14,3,"21%",9,0,"0%",0,9,8,11,8,11,0,1,0,0,0,0,0,0,0,0,0,19,3,"68%",0,0,0,0,0,0
"447","Óliver Torres",20,1112,1,3,0,0,12,7,"58%",31,7,"23%",0,7,13,23,9,20,0,5,0,0,0,0,0,0,0,0,0,19,20,"82%",3,2,0,0,0,0
"448","Óscar Clemente",1,4,0,0,0,0,0,0,"0%",0,0,"0%",0,0,0,0,0,0,0,0,0,0,0,0,0,0,0,0,0,0,0,"100%",0,0,0,0,0,0
"449","Óscar De Marcos",4,189,0,0,0,0,0,0,"0%",7,1,"14%",0,1,3,1,1,0,0,0,0,0,0,0,0,0,0,0,0,0,0,"67%",0,0,0,0,0,0
"450","Óscar Duarte",6,306,0,0,0,0,3,1,"33%",0,0,"0%",0,1,2,8,3,2,0,0,0,0,0,0,0,0,0,4,0,1,0,"87%",0,3,0,0,0,0
"451","Óscar Melendo",14,646,0,0,0,0,3,0,"0%",5,1,"20%",0,1,19,6,2,3,0,0,0,0,0,0,0,0,0,2,0,4,10,"83%",3,0,0,0,0,0
"452","Óscar Plano",27,1967,3,2,0,0,34,12,"35%",34,9,"26%",0,14,46,38,27,20,0,3,0,0,1,0,0,0,0,2,0,12,20,"74%",5,2,0,0,0,0
"453","Óscar Rodríguez",26,1668,7,2,0,0,49,22,"45%",85,22,"26%",1,15,32,23,17,9,0,4,1,0,0,1,1,0,0,0,0,34,24,"73%",27,21,2,14,7,3
"454","Ousmane Dembélé",5,357,1,0,0,0,5,2,"40%",20,5,"25%",0,5,5,1,0,2,0,1,1,0,0,0,0,0,0,0,0,16,8,"78%",13,1,0,0,0,0
"455","Pablo Chavarría",7,112,0,0,0,0,2,0,"0%",1,0,"0%",0,0,0,7,0,1,0,1,0,0,0,0,0,0,0,0,0,0,1,"55%",0,0,0,0,0,0
"456","Pablo de Blasis",21,1040,0,2,0,0,5,1,"20%",59,14,"24%",0,5,9,10,18,24,0,0,0,1,0,0,0,0,0,0,0,9,11,"72%",5,9,1,1,0,0
"457","Pablo Hervías",14,485,1,0,0,0,12,4,"33%",35,8,"23%",1,5,12,5,2,5,0,0,0,0,0,0,0,0,0,0,0,14,9,"84%",7,6,2,7,3,1
"458","Pablo Lombo",0,0,0,0,0,0,0,0,"0%",0,0,"0%",0,0,0,0,0,0,0,0,0,0,0,0,0,0,0,0,0,0,0,"0%",0,0,0,0,0,0
"459","Pablo Martínez",3,18,0,0,0,0,0,0,"0%",0,0,"0%",0,0,1,1,0,0,0,0,0,0,0,0,0,0,0,0,0,0,0,"67%",0,0,0,0,0,0
"460","Pablo Pérez",0,0,0,0,0,0,0,0,"0%",0,0,"0%",0,0,0,0,0,0,0,0,0,0,0,0,0,0,0,0,0,0,0,"0%",0,0,0,0,0,0
"461","Pablo Piatti",3,56,0,0,0,0,3,0,"0%",5,0,"0%",0,1,2,0,0,2,0,0,0,0,0,0,0,0,0,0,0,1,0,"87%",3,1,0,0,0,0
"462","Paco Alcácer",6,493,2,1,0,0,11,4,"36%",1,0,"0%",0,4,7,3,1,2,0,1,0,0,1,0,0,0,0,1,0,0,4,"78%",0,1,0,0,0,0
"463","Pape Cheikh",14,551,0,1,0,0,2,0,"0%",0,0,"0%",0,1,14,22,2,5,0,5,1,0,0,0,0,0,0,0,0,6,4,"89%",0,0,0,0,0,0
"464","Pape Diop",21,1646,1,0,0,0,20,6,"30%",7,1,"14%",0,5,27,37,28,19,0,6,0,0,0,0,0,0,0,3,0,2,11,"74%",1,1,0,0,0,0
"465","Patrick van Aanholt",1,90,0,0,0,0,0,0,"0%",0,0,"0%",0,0,0,0,0,0,0,0,0,0,0,0,0,0,0,0,0,0,0,"0%",0,0,0,0,0,0
"466","Pau Torres",25,2160,1,1,0,0,7,1,"14%",2,0,"0%",0,1,5,24,18,14,0,4,0,2,0,0,0,0,0,18,0,6,8,"84%",0,8,0,0,0,0
"467","Paulo Oliveira",19,1593,1,0,0,0,9,3,"33%",3,1,"33%",0,3,13,16,31,14,0,7,1,0,0,0,0,0,1,12,1,1,2,"69%",0,10,0,0,0,0
"468","Pedro Bigas",14,1036,1,0,0,0,5,2,"40%",7,2,"29%",1,1,13,7,18,7,0,2,0,1,0,0,0,0,0,9,0,0,2,"69%",0,6,0,0,0,0
"469","Pedro León",23,1451,1,0,0,0,25,11,"44%",132,34,"26%",0,17,13,17,14,17,0,3,0,0,0,0,0,0,0,0,0,14,30,"68%",45,21,4,4,1,0
"470","Pedro Porro",13,739,0,0,0,0,1,0,"0%",34,4,"12%",0,8,12,4,8,10,0,1,0,0,0,0,0,0,0,0,1,12,4,"66%",0,4,0,0,0,0
"471","Pepe Sánchez",0,0,0,0,0,0,0,0,"0%",0,0,"0%",0,0,0,0,0,0,0,0,0,0,0,0,0,0,0,0,0,0,0,"0%",0,0,0,0,0,0
"472","Pere Pons",22,749,1,1,0,0,4,1,"25%",6,3,"50%",0,1,8,19,10,8,0,1,0,0,1,0,0,0,0,2,0,3,6,"74%",0,0,0,0,0,0
"473","Pervis J. Estupiñán",26,2336,1,3,0,0,14,2,"14%",118,31,"26%",0,15,29,28,48,37,0,6,0,0,0,0,0,0,0,6,1,48,35,"74%",0,3,0,1,0,0
"474","Pione Sisto",19,772,2,0,0,0,27,14,"52%",35,5,"14%",0,9,23,8,4,9,0,2,0,0,0,0,0,0,0,0,0,23,8,"83%",10,6,1,1,0,0
"475","Pol Lozano",1,18,0,0,0,0,0,0,"0%",1,0,"0%",0,0,0,0,0,1,0,0,0,0,0,0,0,0,0,0,0,0,0,"100%",1,0,0,0,0,0
"476","Quini",10,718,0,0,0,0,10,0,"0%",17,2,"12%",0,6,6,8,10,12,0,2,0,0,0,0,0,0,0,1,0,6,7,"75%",0,0,0,0,0,0
"477","Quique González",11,386,0,1,0,0,8,1,"13%",3,1,"33%",0,0,11,8,0,1,0,0,0,0,0,0,0,0,0,0,0,4,4,"72%",0,0,0,0,0,0
"478","Rafa Soares",0,0,0,0,0,0,0,0,"0%",0,0,"0%",0,0,0,0,0,0,0,0,0,0,0,0,0,0,0,0,0,0,0,"0%",0,0,0,0,0,0
"479","Rafinha Alcántara",22,1637,2,1,0,0,27,7,"26%",29,4,"14%",0,12,79,25,27,21,0,2,0,0,0,0,0,0,0,2,0,42,22,"88%",9,5,0,0,0,0
"480","Ramiro Funes Mori",7,450,0,0,0,0,3,0,"0%",0,0,"0%",0,0,4,7,3,2,0,1,0,0,0,0,0,0,0,2,0,1,2,"83%",0,2,0,0,0,0
"481","Ramón Azeez",17,882,2,0,0,0,17,2,"12%",6,1,"17%",1,6,15,24,11,7,0,3,0,0,0,0,0,0,0,1,0,2,3,"80%",0,0,0,0,0,0
"482","Raphaël Varane",23,2070,2,1,0,0,8,2,"25%",2,0,"0%",0,1,6,13,20,16,0,2,0,0,0,0,0,0,0,12,0,6,3,"87%",0,3,0,0,0,0
"483","Raúl Albiol",27,2427,1,0,0,0,12,3,"25%",3,1,"33%",0,3,17,24,32,19,0,8,0,2,0,0,0,0,0,18,0,2,3,"84%",0,7,0,0,0,0
"484","Raúl De Tomás",6,540,4,0,0,0,24,8,"33%",4,1,"25%",0,6,11,9,3,4,0,1,0,0,1,1,1,0,0,0,0,22,3,"77%",0,0,0,1,0,0
"485","Raúl García",3,19,0,0,0,0,0,0,"0%",0,0,"0%",0,0,0,0,0,0,0,0,0,0,0,0,0,0,0,0,0,0,0,"57%",0,0,0,0,0,0
"486","Raúl García",25,2089,9,1,0,0,58,24,"41%",27,5,"19%",1,21,43,58,16,26,0,8,0,0,1,5,5,0,0,2,0,5,18,"56%",0,0,0,0,0,0
"487","Raúl García C.",11,874,0,1,0,0,7,3,"43%",72,18,"25%",0,7,7,10,6,14,0,2,0,1,0,0,0,0,0,2,0,8,9,"71%",3,10,1,0,0,0
"488","Raúl Navas",5,396,0,0,0,0,0,0,"0%",0,0,"0%",0,0,3,3,8,3,0,1,0,0,0,0,0,0,0,1,0,1,1,"84%",0,3,0,0,0,0
"489","Recio",19,1309,0,0,0,0,20,7,"35%",20,4,"20%",0,7,39,33,17,13,0,9,0,0,0,0,0,0,0,3,0,13,10,"88%",3,7,0,0,0,0
"490","Rei Manaj",0,0,0,0,0,0,0,0,"0%",0,0,"0%",0,0,0,0,0,0,0,0,0,0,0,0,0,0,0,0,0,0,0,"0%",0,0,0,0,0,0
"491","Renan Lodi",23,1669,1,2,0,0,13,2,"15%",67,16,"24%",0,9,32,28,31,30,0,5,1,0,0,0,0,0,0,4,0,11,17,"80%",0,0,0,0,0,0
"492","Ricard Sánchez",0,0,0,0,0,0,0,0,"0%",0,0,"0%",0,0,0,0,0,0,0,0,0,0,0,0,0,0,0,0,0,0,0,"0%",0,0,0,0,0,0
"493","Riqui Puig",2,24,0,0,0,0,0,0,"0%",0,0,"0%",0,0,0,1,1,0,0,0,0,0,0,0,0,0,0,0,0,0,1,"93%",0,0,0,0,0,0
"494","Rober Correa",5,346,0,0,0,0,1,0,"0%",11,2,"18%",0,1,5,6,3,4,0,0,0,0,0,0,0,0,0,2,0,2,0,"74%",0,1,0,0,0,0
"495","Robert Ibáñez",14,537,1,0,0,0,8,1,"13%",5,0,"0%",0,3,20,9,4,10,0,3,0,0,0,0,0,0,0,0,0,15,4,"81%",0,0,0,0,0,0
"496","Roberto Jiménez",0,0,0,0,0,0,0,0,"0%",0,0,"0%",0,0,0,0,0,0,0,0,0,0,0,0,0,0,0,0,0,0,0,"0%",0,0,0,0,0,0
"497","Roberto Rosales",15,1198,0,1,0,0,3,1,"33%",53,12,"23%",0,6,5,21,19,18,0,5,0,0,0,0,0,0,0,3,0,7,16,"67%",4,2,1,1,0,0
"498","Roberto Soldado",23,1751,2,4,0,0,20,7,"35%",11,2,"18%",0,9,37,33,4,7,0,11,0,0,1,1,1,0,0,3,0,8,23,"72%",0,0,0,2,1,0
"499","Roberto Torres",26,2068,6,7,0,0,66,20,"30%",116,26,"22%",4,19,26,14,21,11,0,1,0,1,0,5,5,0,0,2,0,13,30,"71%",39,20,2,9,2,0
"500","Robin Le Normand",21,1557,1,0,0,0,6,1,"17%",0,0,"0%",0,1,12,18,9,16,0,5,0,1,0,0,0,0,0,6,0,0,0,"88%",0,6,0,0,0,0
"501","Rodrigo Ely",18,1585,1,0,0,0,4,1,"25%",2,0,"0%",0,1,10,23,32,12,0,7,0,0,0,0,0,0,0,13,0,2,1,"77%",0,17,0,0,0,0
"502","Rodrigo Moreno",21,1370,2,7,0,0,30,11,"37%",17,5,"29%",1,4,23,14,7,3,0,2,1,0,2,0,0,0,0,1,0,19,23,"77%",0,0,0,0,0,0
"503","Rodrigo Riquelme",1,13,0,0,0,0,1,0,"0%",1,0,"0%",0,0,1,0,0,0,0,0,0,0,0,0,0,0,0,0,0,0,0,"50%",0,0,0,0,0,0
"504","Rodrigo Tarín",7,357,0,0,0,0,1,0,"0%",0,0,"0%",0,0,3,3,2,3,0,1,0,0,0,0,0,0,0,0,0,0,0,"75%",0,2,0,0,0,0
"505","Rodrygo Goes",12,666,2,0,0,0,11,5,"45%",27,8,"30%",0,7,13,7,8,1,0,0,0,0,0,0,0,0,0,0,0,11,10,"89%",0,0,0,0,0,0
"506","Roger Assalé",4,104,0,0,0,0,3,1,"33%",3,2,"67%",0,1,3,3,0,0,0,0,0,0,1,0,0,0,0,0,0,2,0,"81%",0,0,0,0,0,0
"507","Roger Martí",26,1666,11,0,0,0,47,23,"49%",13,1,"8%",0,8,25,44,3,9,0,4,0,0,2,4,4,0,1,0,0,7,16,"64%",0,0,0,0,0,0
"508","Ronald Araújo",1,18,0,0,0,0,0,0,"0%",0,0,"0%",0,0,0,1,0,0,0,0,1,0,0,0,0,0,0,0,0,0,0,"100%",0,0,0,0,0,0
"509","Rony Lopes",3,88,0,0,0,0,2,1,"50%",5,1,"20%",0,1,1,0,1,0,0,0,0,0,0,0,0,0,0,0,0,1,0,"88%",3,0,0,1,1,0
"510","Roque Mesa",20,1590,1,2,0,0,19,8,"42%",40,12,"30%",0,7,38,28,6,18,0,8,0,0,0,0,0,0,0,3,0,29,20,"84%",12,6,1,1,1,0
"511","Rubén Alcaraz",17,1233,1,1,0,0,20,5,"25%",23,5,"22%",0,4,38,25,10,19,0,7,0,1,0,0,0,0,0,9,0,20,10,"80%",9,33,3,6,0,0
"512","Rubén Blanco",25,2250,0,0,78,33,0,0,"0%",0,0,"0%",0,0,4,1,0,0,0,4,0,1,0,0,0,0,0,0,0,0,0,"57%",0,5,0,0,0,0
"513","Rubén Duarte",25,2250,0,1,0,0,16,7,"44%",53,12,"23%",0,9,31,36,37,28,0,9,0,4,1,0,0,0,0,7,0,3,9,"70%",1,10,0,0,0,0
"514","Rubén García",24,1857,6,2,0,0,47,14,"30%",129,39,"30%",2,19,24,39,10,22,0,5,0,0,0,1,1,0,0,5,0,20,45,"76%",60,28,4,8,2,0
"515","Rubén Martínez",15,1223,0,0,25,14,0,0,"0%",0,0,"0%",0,0,1,0,1,1,0,0,0,0,0,0,0,0,0,0,0,1,0,"47%",0,1,0,0,0,0
"516","Rubén Pardo",0,0,0,0,0,0,0,0,"0%",0,0,"0%",0,0,0,0,0,0,0,0,0,0,0,0,0,0,0,0,0,0,0,"0%",0,0,0,0,0,0
"517","Rubén Peña",19,1418,1,1,0,0,5,2,"40%",66,12,"18%",1,10,19,29,22,17,0,5,0,0,0,0,0,0,1,5,0,16,14,"81%",0,1,0,0,0,0
"518","Rubén Pérez",17,1478,0,0,0,0,14,2,"14%",6,0,"0%",0,3,25,23,28,19,0,7,0,1,0,0,0,0,0,4,0,10,5,"75%",0,6,0,0,0,0
"519","Rubén Rochina",19,1257,3,1,0,0,46,9,"20%",49,9,"18%",0,12,39,22,11,18,0,4,0,0,1,0,0,0,0,0,0,36,18,"75%",20,10,1,3,1,0
"520","Rubén Sobrino",10,133,1,0,0,0,5,3,"60%",2,1,"50%",0,2,6,6,0,4,0,0,0,0,0,0,0,0,0,0,0,3,2,"70%",0,0,0,0,0,0
"521","Rúben Vezo",19,1710,1,0,0,0,9,3,"33%",0,0,"0%",0,0,19,22,23,13,0,4,0,2,0,0,0,0,0,21,0,2,1,"80%",0,11,0,0,0,0
"522","Rui Silva",26,2340,0,0,78,31,0,0,"0%",0,0,"0%",0,1,3,0,0,0,0,1,0,0,0,0,0,0,0,0,2,1,1,"52%",0,58,0,0,0,0
"523","Sabin Merino",2,78,0,0,0,0,0,0,"0%",0,0,"0%",0,1,1,0,0,0,0,0,0,0,0,0,0,0,0,0,0,1,1,"71%",0,0,0,0,0,0
"524","Salva Sevilla",24,1847,3,3,0,0,22,10,"45%",99,23,"23%",1,16,15,25,10,14,0,9,1,0,0,3,2,0,0,3,0,7,49,"87%",64,52,3,8,3,0
"525","Samu Pérez",0,0,0,0,0,0,0,0,"0%",0,0,"0%",0,0,0,0,0,0,0,0,0,0,0,0,0,0,0,0,0,0,0,"0%",0,0,0,0,0,0
"526","Samuel Chukwueze",27,1523,3,1,0,0,36,9,"25%",29,6,"21%",0,13,32,9,4,11,0,1,0,0,2,0,0,0,0,1,1,42,30,"73%",0,0,0,0,0,0
"527","Samuel Umtiti",11,841,0,0,0,0,0,0,"0%",0,0,"0%",0,0,14,17,24,4,0,4,0,0,0,0,0,0,0,2,0,8,0,"93%",0,6,0,0,0,0
"528","Sandro Ramírez",19,1082,3,1,0,0,36,13,"36%",30,8,"27%",1,6,34,15,4,10,0,2,0,0,1,1,0,0,0,1,0,14,10,"73%",9,0,0,3,2,0
"529","Santi Cazorla",25,1916,8,6,0,0,39,19,"49%",107,31,"29%",2,15,29,20,11,18,0,3,0,0,0,6,6,0,0,1,0,40,55,"86%",62,27,4,0,0,0
"530","Santi Mina",24,1386,3,2,0,0,36,10,"28%",19,4,"21%",1,14,26,35,5,4,0,4,0,0,0,0,0,0,0,2,0,13,14,"70%",0,0,0,1,0,0
"531","Santiago Arias",7,549,0,1,0,0,3,1,"33%",13,2,"15%",1,3,10,6,9,11,0,0,0,0,0,0,0,0,0,3,0,2,8,"80%",0,0,0,0,0,0
"532","Santiago Cáseres",0,0,0,0,0,0,0,0,"0%",0,0,"0%",0,0,0,0,0,0,0,0,0,0,0,0,0,0,0,0,0,0,0,"0%",0,0,0,0,0,0
"533","Saúl Ñíguez",26,2340,3,0,0,0,37,9,"24%",28,5,"18%",0,16,21,46,41,46,0,6,0,0,0,0,0,0,0,9,0,19,12,"78%",0,1,0,3,0,0
"534","Scott Dann",1,90,0,0,0,0,0,0,"0%",0,0,"0%",0,0,0,0,0,0,0,0,0,0,0,0,0,0,0,0,0,0,0,"0%",0,0,0,0,0,0
"535","Sean Longstaff",1,90,0,0,0,0,0,0,"0%",0,0,"0%",0,0,0,0,0,0,0,0,0,0,0,0,0,0,0,0,0,0,0,"0%",0,0,0,0,0,0
"536","Sebastián Cristóforo",7,318,0,0,0,0,1,1,"100%",3,0,"0%",0,1,9,7,3,7,0,0,0,0,0,0,0,0,0,2,0,3,2,"77%",0,0,0,0,0,0
"537","Sébastien Corchia",3,270,0,0,0,0,3,1,"33%",25,10,"40%",0,5,5,4,5,1,0,1,0,0,0,0,0,0,0,2,0,6,7,"85%",2,0,0,0,0,0
"538","Sergi Darder",26,2110,2,1,0,0,42,8,"19%",51,17,"33%",1,6,23,23,17,19,0,2,0,0,0,0,0,0,0,1,1,15,26,"74%",28,32,1,0,0,0
"539","Sergi Enrich",20,1441,1,3,0,0,20,3,"15%",4,0,"0%",0,7,18,51,8,7,0,4,0,0,0,0,0,0,0,2,0,6,8,"71%",0,0,0,0,0,0
"540","Sergi Gómez",8,494,0,0,0,0,1,0,"0%",1,0,"0%",0,0,0,4,5,4,0,2,0,0,0,0,0,0,0,3,0,1,0,"87%",0,1,0,0,0,0
"541","Sergi Guardiola",25,2056,6,2,0,0,46,16,"35%",30,1,"3%",1,18,43,35,6,8,0,5,0,0,0,0,0,0,0,0,0,25,13,"70%",0,0,0,2,1,1
"542","Sergi Roberto",22,1739,1,2,0,0,5,2,"40%",22,6,"27%",0,7,29,17,24,14,0,7,0,0,0,0,0,0,0,2,0,11,17,"91%",0,0,0,0,0,0
"543","Sergio Akieme",0,0,0,0,0,0,0,0,"0%",0,0,"0%",0,0,0,0,0,0,0,0,0,0,0,0,0,0,0,0,0,0,0,"0%",0,0,0,0,0,0
"544","Sergio Álvarez",2,180,0,0,2,1,0,0,"0%",0,0,"0%",0,0,0,0,0,0,0,3,0,0,0,0,0,0,0,0,0,0,0,"69%",0,1,0,0,0,0
"545","Sergio Álvarez",11,703,0,0,0,0,2,0,"0%",2,0,"0%",0,1,6,10,10,13,0,4,0,1,0,0,0,0,0,1,1,6,4,"71%",0,4,0,0,0,0
"546","Sergio Asenjo",25,2250,0,0,74,30,0,0,"0%",0,0,"0%",0,2,4,2,0,0,0,1,0,1,0,0,0,1,0,0,0,0,0,"68%",0,6,0,0,0,0
"547","Sergio Bermejo",1,5,0,0,0,0,0,0,"0%",0,0,"0%",0,0,0,0,0,0,0,0,0,0,0,0,0,0,0,0,0,1,0,"100%",0,0,0,0,0,0
"548","Sergio Busquets",23,1797,2,2,0,0,8,4,"50%",1,0,"0%",0,2,39,32,33,37,0,8,0,1,0,0,0,0,0,3,0,18,20,"90%",0,9,0,0,0,0
"549","Sergio Camello",2,25,0,0,0,0,0,0,"0%",0,0,"0%",0,0,1,0,0,0,0,0,0,0,0,0,0,0,0,0,0,0,0,"33%",0,0,0,0,0,0
"550","Sergio Canales",26,2292,4,4,0,0,34,12,"35%",98,28,"29%",2,17,32,19,9,12,0,4,0,1,0,2,2,0,0,1,0,33,50,"88%",28,39,4,3,1,1
"551","Sergio Carreira",0,0,0,0,0,0,0,0,"0%",0,0,"0%",0,0,0,0,0,0,0,0,0,0,0,0,0,0,0,0,0,0,0,"0%",0,0,0,0,0,0
"552","Sergio Cubero",0,0,0,0,0,0,0,0,"0%",0,0,"0%",0,0,0,0,0,0,0,0,0,0,0,0,0,0,0,0,0,0,0,"0%",0,0,0,0,0,0
"553","Sergio Escudero",6,413,0,0,0,0,3,3,"100%",9,0,"0%",0,2,4,8,11,9,0,2,0,1,0,0,0,0,0,1,0,1,4,"77%",0,1,0,0,0,0
"554","Sergio Herrera",12,1025,0,0,34,21,0,0,"0%",0,0,"0%",0,0,6,1,1,1,0,2,1,0,0,0,0,0,0,0,1,3,0,"48%",0,4,0,0,0,0
"555","Sergio León",15,474,1,0,0,0,18,3,"17%",4,1,"25%",0,2,6,7,0,1,0,2,0,0,0,0,0,0,0,0,0,1,1,"60%",0,0,0,0,0,0
"556","Sergio Postigo",20,1752,1,0,0,0,3,2,"67%",0,0,"0%",0,1,10,13,27,9,0,5,0,0,0,0,0,0,0,12,0,6,7,"82%",0,7,0,0,0,0
"557","Sergio Ramos",25,2219,5,0,0,0,29,11,"38%",1,0,"0%",0,5,20,37,34,22,0,7,0,1,0,3,3,0,0,7,2,6,2,"91%",0,10,0,3,0,0
"558","Sergio Reguilón",22,1872,1,4,0,0,22,5,"23%",90,27,"30%",0,19,35,43,28,28,0,7,0,0,0,0,0,0,0,5,0,35,34,"80%",0,6,0,0,0,0
"559","Sergio Rico",0,0,0,0,0,0,0,0,"0%",0,0,"0%",0,0,0,0,0,0,0,0,0,0,0,0,0,0,0,0,0,0,0,"0%",0,0,0,0,0,0
"560","Sidnei",9,770,1,0,0,0,3,2,"67%",0,0,"0%",0,1,4,6,17,10,0,0,0,1,0,0,0,0,0,9,0,4,0,"89%",0,8,0,0,0,0
"561","ime Vrsaljko",5,362,0,1,0,0,0,0,"0%",14,3,"21%",0,2,3,7,8,5,0,3,0,0,0,0,0,0,0,3,0,0,3,"69%",0,0,0,0,0,0
"562","Sofian Chakla",0,0,0,0,0,0,0,0,"0%",0,0,"0%",0,0,0,0,0,0,0,0,0,0,0,0,0,0,0,0,0,0,0,"0%",0,0,0,0,0,0
"563","Stanislav Lobotka",17,1383,0,0,0,0,8,3,"38%",4,0,"0%",0,6,21,11,8,11,0,1,0,0,0,0,0,0,0,2,0,10,9,"89%",1,2,0,0,0,0
"564","Stefan Savic",14,1260,0,0,0,0,2,2,"100%",0,0,"0%",0,0,8,11,19,12,0,3,0,0,0,0,0,0,1,10,0,2,2,"80%",0,8,0,0,0,0
"565","Stiven Plaza",0,0,0,0,0,0,0,0,"0%",0,0,"0%",0,0,0,0,0,0,0,0,0,0,0,0,0,0,0,0,0,0,0,"0%",0,0,0,0,0,0
"566","Suso Fernández",6,353,1,1,0,0,6,4,"67%",21,9,"43%",0,1,3,4,1,2,0,0,0,0,0,0,0,0,0,0,0,8,9,"79%",6,4,3,1,0,0
"567","Takashi Inui",20,1470,1,3,0,0,33,9,"27%",34,4,"12%",0,14,21,25,14,7,0,2,0,0,1,0,0,0,0,4,0,18,18,"81%",0,0,0,0,0,0
"568","Takefusa Kubo",24,1438,3,2,0,0,28,12,"43%",50,8,"16%",0,15,46,27,15,17,0,2,0,0,2,0,0,0,0,0,0,34,19,"69%",10,6,1,1,1,0
"569","Thibaut Courtois",24,2160,0,0,47,16,1,1,"100%",0,0,"0%",0,0,2,0,0,0,0,0,0,0,0,0,0,0,0,0,0,0,0,"74%",0,3,0,0,0,0
"570","Thierry Correia",2,180,0,0,0,0,0,0,"0%",1,0,"0%",0,1,5,3,2,2,0,0,0,0,0,0,0,0,0,0,0,0,1,"72%",0,0,0,0,0,0
"571","Thomas Lemar",17,810,0,0,0,0,7,2,"29%",24,8,"33%",0,1,9,6,6,8,0,1,0,0,0,0,0,0,0,1,0,19,6,"82%",13,6,0,1,1,0
"572","Thomas Teye",24,1837,2,0,0,0,20,3,"15%",23,3,"13%",0,3,20,38,35,32,0,10,0,1,0,0,0,0,0,5,0,43,16,"83%",14,8,0,1,0,0
"573","Tomás Pina",13,895,1,0,0,0,1,1,"100%",1,0,"0%",0,0,12,24,12,19,0,3,0,0,1,0,0,0,0,4,0,5,3,"81%",0,0,0,0,0,0
"574","Tomá Vaclík",26,2295,0,0,49,27,0,0,"0%",0,0,"0%",0,0,3,0,0,0,0,0,0,0,0,0,0,1,0,0,0,0,0,"65%",0,4,0,0,0,0
"575","Toni Fuidias",0,0,0,0,0,0,0,0,"0%",0,0,"0%",0,0,0,0,0,0,0,0,0,0,0,0,0,0,0,0,0,0,0,"0%",0,0,0,0,0,0
"576","Toni Kroos",24,1873,3,5,0,0,44,15,"34%",110,27,"25%",0,18,35,15,17,17,0,1,0,0,0,0,0,0,0,0,0,18,50,"94%",67,33,4,1,0,0
"577","Toni Moya",1,4,0,0,0,0,0,0,"0%",0,0,"0%",0,0,0,0,0,0,0,0,0,0,0,0,0,0,0,0,0,0,0,"0%",0,0,0,0,0,0
"578","Toni Villa",18,1103,0,1,0,0,15,4,"27%",24,6,"25%",0,10,30,14,8,11,0,4,0,0,0,0,0,0,0,1,0,35,11,"76%",0,1,0,0,0,0
"579","Toño García",14,1172,0,2,0,0,1,0,"0%",41,12,"29%",0,8,13,13,7,14,0,0,0,0,0,0,0,0,0,1,0,10,14,"78%",0,6,0,0,0,0
"580","Unai Bustinza",24,1921,0,1,0,0,6,3,"50%",38,6,"16%",0,5,37,41,51,31,0,3,0,1,0,0,0,0,0,7,1,5,14,"69%",0,19,0,0,0,0
"581","Unai Etxebarria",0,0,0,0,0,0,0,0,"0%",0,0,"0%",0,0,0,0,0,0,0,0,0,0,0,0,0,0,0,0,0,0,0,"0%",0,0,0,0,0,0
"582","Unai García",4,200,1,0,0,0,3,1,"33%",0,0,"0%",0,0,1,3,1,1,0,0,0,0,0,0,0,0,0,4,0,3,1,"68%",0,2,0,0,0,0
"583","Unai López",17,1143,1,3,0,0,18,4,"22%",68,23,"34%",0,9,12,24,12,15,0,6,0,0,0,0,0,0,0,1,0,10,22,"87%",27,27,4,3,1,1
"584","Unai Núñez",12,954,0,0,0,0,3,2,"67%",1,0,"0%",0,0,4,15,16,7,0,5,0,0,0,0,0,0,1,10,0,3,1,"81%",0,3,0,0,0,0
"585","Unai Simón",24,2160,0,0,59,20,0,0,"0%",0,0,"0%",0,0,2,1,1,0,0,2,0,0,0,0,0,0,0,0,1,0,0,"55%",0,4,0,0,0,0
"586","Unai Vencedor",1,73,0,0,0,0,1,0,"0%",4,2,"50%",0,0,1,0,0,0,0,1,0,0,0,0,0,0,0,0,0,0,1,"86%",2,3,1,1,0,0
"587","Valentino Lazaro",1,90,0,0,0,0,0,0,"0%",0,0,"0%",0,0,0,0,0,0,0,0,0,0,0,0,0,0,0,0,0,0,0,"0%",0,0,0,0,0,0
"588","Vasyl Kravets",0,0,0,0,0,0,0,0,"0%",0,0,"0%",0,0,0,0,0,0,0,0,0,0,0,0,0,0,0,0,0,0,0,"0%",0,0,0,0,0,0
"589","Vicente Esquerdo",2,13,0,0,0,0,0,0,"0%",0,0,"0%",0,0,0,0,0,0,0,0,0,0,0,0,0,0,0,0,0,0,0,"64%",0,0,0,0,0,0
"590","Vicente Guaita",1,90,0,0,0,0,0,0,"0%",0,0,"0%",0,0,0,0,0,0,0,0,0,0,0,0,0,0,0,0,0,0,0,"0%",0,0,0,0,0,0
"591","Vicente Iborra",27,2209,0,2,0,0,14,1,"7%",3,1,"33%",0,0,35,43,37,39,0,9,0,1,0,0,0,0,0,13,0,8,7,"86%",0,6,0,0,0,0
"592","Víctor Camarasa",7,603,0,0,0,0,7,2,"29%",7,5,"71%",0,1,4,7,8,4,0,1,0,0,0,0,0,0,0,1,0,4,7,"78%",1,4,1,0,0,0
"593","Víctor Campuzano",13,698,0,0,0,0,14,6,"43%",7,0,"0%",0,5,11,22,1,8,0,2,0,0,0,0,0,0,0,0,0,7,1,"65%",0,1,0,0,0,0
"594","Víctor Díaz",25,2175,0,5,0,0,12,0,"0%",98,20,"20%",0,11,8,15,39,36,0,3,0,0,0,0,0,0,0,17,0,6,24,"68%",4,16,2,0,0,0
"595","Víctor Gómez",13,898,0,0,0,0,4,0,"0%",49,11,"22%",0,8,19,14,9,6,0,2,0,1,0,0,0,0,1,0,0,6,8,"68%",1,0,0,0,0,0
"596","Víctor Laguardia",22,1935,1,2,0,0,8,2,"25%",2,2,"100%",1,1,8,29,29,12,0,7,1,0,0,0,0,0,0,15,0,2,7,"73%",0,24,0,0,0,0
"597","Víctor Sánchez",21,1581,0,1,0,0,8,1,"13%",68,18,"26%",0,2,29,46,25,35,0,10,1,2,0,0,0,0,0,7,1,11,22,"81%",15,21,3,1,0,0
"598","Vinicius Junior",19,906,2,1,0,0,31,14,"45%",27,5,"19%",0,8,17,13,3,8,0,3,0,0,0,0,0,0,0,0,0,35,16,"81%",0,0,0,0,0,0
"599","Vitolo",21,1037,2,1,0,0,15,9,"60%",5,2,"40%",0,11,36,20,9,9,0,3,0,0,0,0,0,0,0,0,0,30,10,"81%",0,0,0,0,0,0
"600","Vitorino Antunes",1,6,0,0,0,0,0,0,"0%",1,0,"0%",0,0,0,0,0,0,0,0,0,0,0,0,0,0,0,0,0,0,0,"0%",0,0,0,0,0,0
"601","Waldo Rubio",12,446,0,1,0,0,9,2,"22%",10,2,"20%",0,6,4,8,4,3,0,3,0,0,0,0,0,0,0,0,0,11,7,"62%",0,0,0,0,0,0
"602","Wayne Hennessey",0,0,0,0,0,0,0,0,"0%",0,0,"0%",0,0,0,0,0,0,0,0,0,0,0,0,0,0,0,0,0,0,0,"0%",0,0,0,0,0,0
"603","Wilfrid Kaptoum",5,194,0,0,0,0,3,0,"0%",2,0,"0%",0,0,3,1,1,3,0,1,0,0,0,0,0,0,0,1,0,2,1,"79%",0,1,0,0,0,0
"604","Wilfried Zaha",1,90,0,0,0,0,0,0,"0%",0,0,"0%",0,0,0,0,0,0,0,0,0,0,0,0,0,0,0,0,0,0,0,"0%",0,0,0,0,0,0
"605","William Carvalho",9,705,0,0,0,0,5,2,"40%",1,0,"0%",0,3,5,11,3,3,0,4,1,0,0,0,0,0,0,5,0,15,5,"88%",0,1,0,0,0,0
"606","Willian José",26,1443,9,0,0,0,43,15,"35%",6,0,"0%",0,2,12,22,0,2,0,4,0,0,0,0,0,0,0,2,0,4,12,"71%",0,0,0,1,0,0
"607","Wu Lei",22,1151,3,0,0,0,29,8,"28%",17,2,"12%",0,11,12,14,11,6,0,2,0,0,0,0,0,0,0,1,0,11,11,"68%",0,0,0,0,0,0
"608","Xabier Etxeita",10,855,0,0,0,0,1,0,"0%",1,0,"0%",0,4,6,11,11,7,0,5,0,0,0,0,0,0,0,4,0,2,1,"55%",0,5,0,0,0,0
"609","Xavi Quintillà",16,1371,0,2,0,0,3,1,"33%",73,9,"12%",0,9,11,24,9,10,0,5,0,0,0,0,0,0,0,4,0,4,19,"85%",2,6,0,2,0,0
"610","Xeber Alkain",0,0,0,0,0,0,0,0,"0%",0,0,"0%",0,0,0,0,0,0,0,0,0,0,0,0,0,0,0,0,0,0,0,"0%",0,0,0,0,0,0
"611","Ximo Navarro",17,1490,0,0,0,0,4,1,"25%",18,2,"11%",0,4,20,25,41,16,0,8,0,0,0,0,0,0,0,5,0,5,3,"77%",0,4,0,0,0,0
"612","Xisco Campos",7,344,0,0,0,0,2,0,"0%",0,0,"0%",0,0,3,6,9,4,0,1,0,0,0,0,0,0,0,5,0,0,1,"72%",0,0,0,0,0,0
"613","Yan Brice Eteki",17,910,0,0,0,0,5,0,"0%",0,0,"0%",1,1,17,38,7,13,0,4,0,0,0,0,0,0,0,3,1,14,4,"78%",0,0,0,0,0,0
"614","Yangel Herrera",20,1574,2,2,0,0,23,4,"17%",5,0,"0%",0,2,33,54,22,40,0,9,0,0,0,0,0,0,0,8,0,10,9,"77%",0,2,0,0,0,0
"615","Yannick F. Carrasco",5,158,0,0,0,0,4,2,"50%",8,0,"0%",0,5,2,2,2,0,0,0,0,0,0,0,0,0,0,0,0,5,1,"76%",3,0,0,0,0,0
"616","Yannis Salibur",2,54,0,0,0,0,0,0,"0%",2,0,"0%",0,0,3,2,1,0,0,0,0,0,0,0,0,0,0,0,0,2,0,"75%",0,0,0,0,0,0
"617","Yassine Bono",2,135,0,0,3,2,0,0,"0%",0,0,"0%",0,0,0,0,0,0,0,0,0,0,0,0,0,0,0,0,0,0,0,"66%",0,0,0,0,0,0
"618","Yeray Álvarez",25,2250,0,0,0,0,10,1,"10%",10,2,"20%",0,4,24,15,50,17,0,2,0,1,0,0,0,0,0,16,0,9,4,"78%",0,22,0,0,0,0
"619","Yoel Rodríguez",1,90,0,0,3,0,0,0,"0%",0,0,"0%",0,0,0,0,1,0,0,1,0,0,0,0,0,0,0,0,0,0,0,"44%",0,2,0,0,0,0
"620","Youssef En Nesyri",25,1708,7,2,0,0,53,21,"40%",14,3,"21%",1,10,23,25,5,8,0,2,0,0,0,0,0,0,0,2,0,18,8,"57%",0,0,0,0,0,0
"621","Yuri Berchiche",24,2160,2,1,0,0,28,8,"29%",78,14,"18%",0,19,43,25,24,27,0,4,0,1,0,0,0,0,0,3,0,31,25,"82%",0,6,1,2,0,0
"622","Zambo Anguissa",26,1773,1,0,0,0,24,7,"29%",9,0,"0%",0,4,25,30,30,34,0,6,0,0,0,0,0,0,0,4,0,63,14,"86%",0,2,0,0,0,0
"623","Zou Feddal",10,846,0,1,0,0,3,1,"33%",0,0,"0%",1,1,7,14,18,7,0,7,2,0,0,0,0,0,0,3,0,2,2,"85%",0,7,0,0,0,0
